as_of_date,source_name,silicon_id,gpu_model,gpu_variant,form_factor,interconnect_substrate,commitment_term,interruptibility,deployment_class,region,region_country,factory_type,tier_v3,operator_tier,price_usd_per_hour,bundled,bundled_inclusions,availability_state,methodology_version,source_status,region_raw
2026-08-22,oci,gb300-nvl-nvl,GB300,NVL,NVL-Rack,RoCE-v2,OnDemand,NonInterruptible,OnDemand,US-East,US,HIF,T1IF,T1,18.0000,True,local-nvme;egress-capped;managed-ops-plane;support-tier;observability,Available,v2.4.0,panel,us-ashburn-1
2026-08-23,oci,gb300-nvl-nvl,GB300,NVL,NVL-Rack,RoCE-v2,OnDemand,NonInterruptible,OnDemand,US-East,US,HIF,T1IF,T1,18.0000,True,local-nvme;egress-capped;managed-ops-plane;support-tier;observability,Available,v2.4.0,panel,us-ashburn-1
2026-08-24,oci,gb300-nvl-nvl,GB300,NVL,NVL-Rack,RoCE-v2,OnDemand,NonInterruptible,OnDemand,US-East,US,HIF,T1IF,T1,18.0000,True,local-nvme;egress-capped;managed-ops-plane;support-tier;observability,Available,v2.4.0,panel,us-ashburn-1
2026-08-25,oci,gb300-nvl-nvl,GB300,NVL,NVL-Rack,RoCE-v2,OnDemand,NonInterruptible,OnDemand,US-East,US,HIF,T1IF,T1,18.0000,True,local-nvme;egress-capped;managed-ops-plane;support-tier;observability,Available,v2.4.0,panel,us-ashburn-1
2026-08-26,oci,gb300-nvl-nvl,GB300,NVL,NVL-Rack,RoCE-v2,OnDemand,NonInterruptible,OnDemand,US-East,US,HIF,T1IF,T1,18.0000,True,local-nvme;egress-capped;managed-ops-plane;support-tier;observability,Available,v2.4.0,panel,us-ashburn-1
2026-08-27,oci,gb300-nvl-nvl,GB300,NVL,NVL-Rack,RoCE-v2,OnDemand,NonInterruptible,OnDemand,US-East,US,HIF,T1IF,T1,18.0000,True,local-nvme;egress-capped;managed-ops-plane;support-tier;observability,Available,v2.4.0,panel,us-ashburn-1
2026-08-28,oci,gb300-nvl-nvl,GB300,NVL,NVL-Rack,RoCE-v2,OnDemand,NonInterruptible,OnDemand,US-East,US,HIF,T1IF,T1,18.0000,True,local-nvme;egress-capped;managed-ops-plane;support-tier;observability,Available,v2.4.0,panel,us-ashburn-1
2026-08-29,oci,gb300-nvl-nvl,GB300,NVL,NVL-Rack,RoCE-v2,OnDemand,NonInterruptible,OnDemand,US-East,US,HIF,T1IF,T1,18.0000,True,local-nvme;egress-capped;managed-ops-plane;support-tier;observability,Available,v2.4.0,panel,us-ashburn-1
2026-08-30,oci,gb300-nvl-nvl,GB300,NVL,NVL-Rack,RoCE-v2,OnDemand,NonInterruptible,OnDemand,US-East,US,HIF,T1IF,T1,18.0000,True,local-nvme;egress-capped;managed-ops-plane;support-tier;observability,Available,v2.4.0,panel,us-ashburn-1
2026-08-31,oci,gb300-nvl-nvl,GB300,NVL,NVL-Rack,RoCE-v2,OnDemand,NonInterruptible,OnDemand,US-East,US,HIF,T1IF,T1,18.0000,True,local-nvme;egress-capped;managed-ops-plane;support-tier;observability,Available,v2.4.0,panel,us-ashburn-1
2026-09-01,oci,gb300-nvl-nvl,GB300,NVL,NVL-Rack,RoCE-v2,OnDemand,NonInterruptible,OnDemand,US-East,US,HIF,T1IF,T1,18.0000,True,local-nvme;egress-capped;managed-ops-plane;support-tier;observability,Available,v2.4.0,panel,us-ashburn-1
2026-09-02,oci,gb300-nvl-nvl,GB300,NVL,NVL-Rack,RoCE-v2,OnDemand,NonInterruptible,OnDemand,US-East,US,HIF,T1IF,T1,18.0000,True,local-nvme;egress-capped;managed-ops-plane;support-tier;observability,Available,v2.4.0,panel,us-ashburn-1
2026-09-03,oci,gb300-nvl-nvl,GB300,NVL,NVL-Rack,RoCE-v2,OnDemand,NonInterruptible,OnDemand,US-East,US,HIF,T1IF,T1,18.0000,True,local-nvme;egress-capped;managed-ops-plane;support-tier;observability,Available,v2.4.0,panel,us-ashburn-1
2026-09-04,oci,gb300-nvl-nvl,GB300,NVL,NVL-Rack,RoCE-v2,OnDemand,NonInterruptible,OnDemand,US-East,US,HIF,T1IF,T1,18.0000,True,local-nvme;egress-capped;managed-ops-plane;support-tier;observability,Available,v2.4.0,panel,us-ashburn-1
2026-09-05,oci,gb300-nvl-nvl,GB300,NVL,NVL-Rack,RoCE-v2,OnDemand,NonInterruptible,OnDemand,US-East,US,HIF,T1IF,T1,18.0000,True,local-nvme;egress-capped;managed-ops-plane;support-tier;observability,Available,v2.4.0,panel,us-ashburn-1
2026-09-06,oci,gb300-nvl-nvl,GB300,NVL,NVL-Rack,RoCE-v2,OnDemand,NonInterruptible,OnDemand,US-East,US,HIF,T1IF,T1,18.0000,True,local-nvme;egress-capped;managed-ops-plane;support-tier;observability,Available,v2.4.0,panel,us-ashburn-1
2026-09-07,oci,gb300-nvl-nvl,GB300,NVL,NVL-Rack,RoCE-v2,OnDemand,NonInterruptible,OnDemand,US-East,US,HIF,T1IF,T1,18.0000,True,local-nvme;egress-capped;managed-ops-plane;support-tier;observability,Available,v2.4.0,panel,us-ashburn-1
2026-09-08,oci,gb300-nvl-nvl,GB300,NVL,NVL-Rack,RoCE-v2,OnDemand,NonInterruptible,OnDemand,US-East,US,HIF,T1IF,T1,18.0000,True,local-nvme;egress-capped;managed-ops-plane;support-tier;observability,Available,v2.4.0,panel,us-ashburn-1
2026-09-09,oci,gb300-nvl-nvl,GB300,NVL,NVL-Rack,RoCE-v2,OnDemand,NonInterruptible,OnDemand,US-East,US,HIF,T1IF,T1,18.0000,True,local-nvme;egress-capped;managed-ops-plane;support-tier;observability,Available,v2.4.0,panel,us-ashburn-1
2026-09-10,oci,gb300-nvl-nvl,GB300,NVL,NVL-Rack,RoCE-v2,OnDemand,NonInterruptible,OnDemand,US-East,US,HIF,T1IF,T1,18.0000,True,local-nvme;egress-capped;managed-ops-plane;support-tier;observability,Available,v2.4.0,panel,us-ashburn-1
2026-09-11,oci,gb300-nvl-nvl,GB300,NVL,NVL-Rack,RoCE-v2,OnDemand,NonInterruptible,OnDemand,US-East,US,HIF,T1IF,T1,18.0000,True,local-nvme;egress-capped;managed-ops-plane;support-tier;observability,Available,v2.4.0,panel,us-ashburn-1
2026-09-12,oci,gb300-nvl-nvl,GB300,NVL,NVL-Rack,RoCE-v2,OnDemand,NonInterruptible,OnDemand,US-East,US,HIF,T1IF,T1,18.0000,True,local-nvme;egress-capped;managed-ops-plane;support-tier;observability,Available,v2.4.0,panel,us-ashburn-1
2026-09-13,oci,gb300-nvl-nvl,GB300,NVL,NVL-Rack,RoCE-v2,OnDemand,NonInterruptible,OnDemand,US-East,US,HIF,T1IF,T1,18.0000,True,local-nvme;egress-capped;managed-ops-plane;support-tier;observability,Available,v2.4.0,panel,us-ashburn-1
2026-09-14,oci,gb300-nvl-nvl,GB300,NVL,NVL-Rack,RoCE-v2,OnDemand,NonInterruptible,OnDemand,US-East,US,HIF,T1IF,T1,18.0000,True,local-nvme;egress-capped;managed-ops-plane;support-tier;observability,Available,v2.4.0,panel,us-ashburn-1
2026-09-15,oci,gb300-nvl-nvl,GB300,NVL,NVL-Rack,RoCE-v2,OnDemand,NonInterruptible,OnDemand,US-East,US,HIF,T1IF,T1,18.0000,True,local-nvme;egress-capped;managed-ops-plane;support-tier;observability,Available,v2.4.0,panel,us-ashburn-1
2026-09-16,oci,gb300-nvl-nvl,GB300,NVL,NVL-Rack,RoCE-v2,OnDemand,NonInterruptible,OnDemand,US-East,US,HIF,T1IF,T1,18.0000,True,local-nvme;egress-capped;managed-ops-plane;support-tier;observability,Available,v2.4.0,panel,us-ashburn-1
2026-09-17,oci,gb300-nvl-nvl,GB300,NVL,NVL-Rack,RoCE-v2,OnDemand,NonInterruptible,OnDemand,US-East,US,HIF,T1IF,T1,18.0000,True,local-nvme;egress-capped;managed-ops-plane;support-tier;observability,Available,v2.4.0,panel,us-ashburn-1
2026-09-18,oci,gb300-nvl-nvl,GB300,NVL,NVL-Rack,RoCE-v2,OnDemand,NonInterruptible,OnDemand,US-East,US,HIF,T1IF,T1,18.0000,True,local-nvme;egress-capped;managed-ops-plane;support-tier;observability,Available,v2.4.0,panel,us-ashburn-1
2026-09-19,oci,gb300-nvl-nvl,GB300,NVL,NVL-Rack,RoCE-v2,OnDemand,NonInterruptible,OnDemand,US-East,US,HIF,T1IF,T1,18.0000,True,local-nvme;egress-capped;managed-ops-plane;support-tier;observability,Available,v2.4.0,panel,us-ashburn-1
2026-09-20,oci,gb300-nvl-nvl,GB300,NVL,NVL-Rack,RoCE-v2,OnDemand,NonInterruptible,OnDemand,US-East,US,HIF,T1IF,T1,18.0000,True,local-nvme;egress-capped;managed-ops-plane;support-tier;observability,Available,v2.4.0,panel,us-ashburn-1
