as_of_date,collected_at,collection_window_id,source_name,source_display_name,silicon_id,gpu_model,form_factor,commitment_term,interruptibility,region,cheapest_usd_hour,median_usd_hour,n_listings,methodology_version
2026-09-15,2026-09-15T10:02:41.314089+00:00,2026-09-14-1800,runpod_community,RunPod · Community,b300-sxm-288gb,B300,SXM,OnDemand,NonInterruptible,Other,6.9400,,,v2.4.0
2026-09-15,2026-09-15T10:02:41.314089+00:00,2026-09-14-1800,runpod_secure,RunPod · Secure,b300-sxm-288gb,B300,SXM,OnDemand,NonInterruptible,Other,7.8900,,,v2.4.0
2026-09-15,2026-09-15T10:02:41.314089+00:00,2026-09-14-1800,runpod_secure,RunPod · Secure,b300-sxm-288gb,B300,SXM,OnDemand,NonInterruptible,US-West,7.8900,,,v2.4.0
2026-09-15,2026-09-15T11:03:29.395843+00:00,2026-09-15-0600,runpod_secure,RunPod · Secure,b300-sxm-288gb,B300,SXM,OnDemand,NonInterruptible,Other,7.8900,,,v2.4.0
2026-09-15,2026-09-15T14:01:35.032166+00:00,2026-09-15-0600,runpod_community,RunPod · Community,b300-sxm-288gb,B300,SXM,OnDemand,NonInterruptible,Other,6.9400,,,v2.4.0
2026-09-15,2026-09-15T14:01:35.032166+00:00,2026-09-15-0600,runpod_secure,RunPod · Secure,b300-sxm-288gb,B300,SXM,OnDemand,NonInterruptible,Other,7.8900,,,v2.4.0
2026-09-15,2026-09-15T14:01:35.032166+00:00,2026-09-15-0600,runpod_secure,RunPod · Secure,b300-sxm-288gb,B300,SXM,OnDemand,NonInterruptible,US-West,7.8900,,,v2.4.0
2026-09-15,2026-09-15T18:02:31.362186+00:00,2026-09-15-1000,runpod_community,RunPod · Community,b300-sxm-288gb,B300,SXM,OnDemand,NonInterruptible,Other,6.9400,,,v2.4.0
2026-09-15,2026-09-15T18:02:31.362186+00:00,2026-09-15-1000,runpod_secure,RunPod · Secure,b300-sxm-288gb,B300,SXM,OnDemand,NonInterruptible,Other,7.8900,,,v2.4.0
2026-09-15,2026-09-15T18:02:31.362186+00:00,2026-09-15-1000,runpod_secure,RunPod · Secure,b300-sxm-288gb,B300,SXM,OnDemand,NonInterruptible,US-West,7.8900,,,v2.4.0
2026-09-15,2026-09-15T20:02:51.317552+00:00,2026-09-15-1400,runpod_secure,RunPod · Secure,b300-sxm-288gb,B300,SXM,OnDemand,NonInterruptible,US-West,7.8900,,,v2.4.0
2026-09-15,2026-09-15T20:02:51.317552+00:00,2026-09-15-1400,runpod_secure,RunPod · Secure,b300-sxm-288gb,B300,SXM,OnDemand,NonInterruptible,Other,7.8900,,,v2.4.0
2026-09-15,2026-09-15T22:02:11.099225+00:00,2026-09-15-1400,runpod_community,RunPod · Community,b300-sxm-288gb,B300,SXM,OnDemand,NonInterruptible,Other,6.9400,,,v2.4.0
2026-09-15,2026-09-15T22:02:11.099225+00:00,2026-09-15-1400,runpod_secure,RunPod · Secure,b300-sxm-288gb,B300,SXM,OnDemand,NonInterruptible,Other,7.8900,,,v2.4.0
2026-09-16,2026-09-16T07:15:26.927719+00:00,2026-09-15-1800,runpod_secure,RunPod · Secure,b300-sxm-288gb,B300,SXM,OnDemand,NonInterruptible,Other,7.8900,,,v2.4.0
2026-09-16,2026-09-16T07:15:26.927719+00:00,2026-09-15-1800,runpod_secure,RunPod · Secure,b300-sxm-288gb,B300,SXM,OnDemand,NonInterruptible,US-West,7.8900,,,v2.4.0
2026-09-16,2026-09-16T10:01:04.223035+00:00,2026-09-15-1800,runpod_community,RunPod · Community,b300-sxm-288gb,B300,SXM,OnDemand,NonInterruptible,Other,6.9400,,,v2.4.0
2026-09-16,2026-09-16T10:01:04.223035+00:00,2026-09-15-1800,runpod_secure,RunPod · Secure,b300-sxm-288gb,B300,SXM,OnDemand,NonInterruptible,Other,7.8900,,,v2.4.0
2026-09-16,2026-09-16T13:01:30.243751+00:00,2026-09-16-0600,runpod_secure,RunPod · Secure,b300-sxm-288gb,B300,SXM,OnDemand,NonInterruptible,US-West,7.8900,,,v2.4.0
2026-09-16,2026-09-16T13:01:30.243751+00:00,2026-09-16-0600,runpod_secure,RunPod · Secure,b300-sxm-288gb,B300,SXM,OnDemand,NonInterruptible,Other,7.8900,,,v2.4.0
2026-09-16,2026-09-16T14:01:27.542425+00:00,2026-09-16-0600,runpod_community,RunPod · Community,b300-sxm-288gb,B300,SXM,OnDemand,NonInterruptible,Other,6.9400,,,v2.4.0
2026-09-16,2026-09-16T14:01:27.542425+00:00,2026-09-16-0600,runpod_secure,RunPod · Secure,b300-sxm-288gb,B300,SXM,OnDemand,NonInterruptible,Other,7.8900,,,v2.4.0
2026-09-16,2026-09-16T17:01:17.965508+00:00,2026-09-16-1000,runpod_secure,RunPod · Secure,b300-sxm-288gb,B300,SXM,OnDemand,NonInterruptible,US-West,7.8900,,,v2.4.0
2026-09-16,2026-09-16T17:01:17.965508+00:00,2026-09-16-1000,runpod_secure,RunPod · Secure,b300-sxm-288gb,B300,SXM,OnDemand,NonInterruptible,Other,7.8900,,,v2.4.0
2026-09-16,2026-09-16T17:03:05.026238+00:00,2026-09-16-1000,vast_ai_verified,Vast.ai (verified),b300-sxm-288gb,B300,SXM,OnDemand,NonInterruptible,Other,13.7500,13.7500,1,v2.4.0
2026-09-16,2026-09-16T18:00:58.738830+00:00,2026-09-16-1000,runpod_community,RunPod · Community,b300-sxm-288gb,B300,SXM,OnDemand,NonInterruptible,Other,6.9400,,,v2.4.0
2026-09-16,2026-09-16T18:00:58.738830+00:00,2026-09-16-1000,runpod_secure,RunPod · Secure,b300-sxm-288gb,B300,SXM,OnDemand,NonInterruptible,Other,7.8900,,,v2.4.0
2026-09-16,2026-09-16T21:01:38.945164+00:00,2026-09-16-1400,runpod_secure,RunPod · Secure,b300-sxm-288gb,B300,SXM,OnDemand,NonInterruptible,US-West,7.8900,,,v2.4.0
2026-09-16,2026-09-16T21:01:38.945164+00:00,2026-09-16-1400,runpod_secure,RunPod · Secure,b300-sxm-288gb,B300,SXM,OnDemand,NonInterruptible,Other,7.8900,,,v2.4.0
2026-09-16,2026-09-16T22:01:05.263197+00:00,2026-09-16-1400,runpod_community,RunPod · Community,b300-sxm-288gb,B300,SXM,OnDemand,NonInterruptible,Other,6.9400,,,v2.4.0
2026-09-16,2026-09-16T22:01:05.263197+00:00,2026-09-16-1400,runpod_secure,RunPod · Secure,b300-sxm-288gb,B300,SXM,OnDemand,NonInterruptible,Other,7.8900,,,v2.4.0
2026-09-17,2026-09-17T08:06:53.373737+00:00,2026-09-16-1800,runpod_secure,RunPod · Secure,b300-sxm-288gb,B300,SXM,OnDemand,NonInterruptible,Other,7.8900,,,v2.4.0
2026-09-17,2026-09-17T09:01:25.085472+00:00,2026-09-16-1800,runpod_secure,RunPod · Secure,b300-sxm-288gb,B300,SXM,OnDemand,NonInterruptible,US-West,7.8900,,,v2.4.0
2026-09-17,2026-09-17T10:02:43.057899+00:00,2026-09-16-1800,runpod_community,RunPod · Community,b300-sxm-288gb,B300,SXM,OnDemand,NonInterruptible,Other,6.9400,,,v2.4.0
2026-09-17,2026-09-17T10:02:43.057899+00:00,2026-09-16-1800,runpod_secure,RunPod · Secure,b300-sxm-288gb,B300,SXM,OnDemand,NonInterruptible,Other,7.8900,,,v2.4.0
2026-09-17,2026-09-17T14:01:08.282664+00:00,2026-09-17-0600,runpod_community,RunPod · Community,b300-sxm-288gb,B300,SXM,OnDemand,NonInterruptible,Other,6.9400,,,v2.4.0
2026-09-17,2026-09-17T14:01:08.282664+00:00,2026-09-17-0600,runpod_secure,RunPod · Secure,b300-sxm-288gb,B300,SXM,OnDemand,NonInterruptible,Other,7.8900,,,v2.4.0
2026-09-17,2026-09-17T17:03:09.366850+00:00,2026-09-17-1000,runpod_secure,RunPod · Secure,b300-sxm-288gb,B300,SXM,OnDemand,NonInterruptible,Other,7.8900,,,v2.4.0
2026-09-17,2026-09-17T17:03:09.366850+00:00,2026-09-17-1000,runpod_secure,RunPod · Secure,b300-sxm-288gb,B300,SXM,OnDemand,NonInterruptible,US-West,7.8900,,,v2.4.0
2026-09-17,2026-09-17T18:01:26.956859+00:00,2026-09-17-1000,runpod_community,RunPod · Community,b300-sxm-288gb,B300,SXM,OnDemand,NonInterruptible,Other,6.9400,,,v2.4.0
2026-09-17,2026-09-17T18:01:26.956859+00:00,2026-09-17-1000,runpod_secure,RunPod · Secure,b300-sxm-288gb,B300,SXM,OnDemand,NonInterruptible,Other,7.8900,,,v2.4.0
2026-09-17,2026-09-17T22:01:12.715868+00:00,2026-09-17-1400,runpod_community,RunPod · Community,b300-sxm-288gb,B300,SXM,OnDemand,NonInterruptible,Other,6.9400,,,v2.4.0
2026-09-17,2026-09-17T22:01:12.715868+00:00,2026-09-17-1400,runpod_secure,RunPod · Secure,b300-sxm-288gb,B300,SXM,OnDemand,NonInterruptible,US-West,7.8900,,,v2.4.0
2026-09-17,2026-09-17T22:01:12.715868+00:00,2026-09-17-1400,runpod_secure,RunPod · Secure,b300-sxm-288gb,B300,SXM,OnDemand,NonInterruptible,Other,7.8900,,,v2.4.0
2026-09-17,2026-09-18T02:01:20.815017+00:00,2026-09-17-1800,runpod_secure,RunPod · Secure,b300-sxm-288gb,B300,SXM,OnDemand,NonInterruptible,US-West,7.8900,,,v2.4.0
2026-09-18,2026-09-18T05:01:00.845449+00:00,2026-09-17-1800,runpod_secure,RunPod · Secure,b300-sxm-288gb,B300,SXM,OnDemand,NonInterruptible,EU,7.8900,,,v2.4.0
2026-09-18,2026-09-18T08:01:19.171848+00:00,2026-09-17-1800,runpod_secure,RunPod · Secure,b300-sxm-288gb,B300,SXM,OnDemand,NonInterruptible,EU,7.8900,,,v2.4.0
2026-09-18,2026-09-18T09:00:51.053378+00:00,2026-09-17-1800,runpod_secure,RunPod · Secure,b300-sxm-288gb,B300,SXM,OnDemand,NonInterruptible,Other,7.8900,,,v2.4.0
2026-09-18,2026-09-18T10:02:15.747753+00:00,2026-09-17-1800,runpod_community,RunPod · Community,b300-sxm-288gb,B300,SXM,OnDemand,NonInterruptible,Other,6.9400,,,v2.4.0
2026-09-18,2026-09-18T10:02:15.747753+00:00,2026-09-17-1800,runpod_secure,RunPod · Secure,b300-sxm-288gb,B300,SXM,OnDemand,NonInterruptible,Other,7.8900,,,v2.4.0
2026-09-18,2026-09-18T12:01:21.641643+00:00,2026-09-18-0600,runpod_secure,RunPod · Secure,b300-sxm-288gb,B300,SXM,OnDemand,NonInterruptible,EU,7.8900,,,v2.4.0
2026-09-18,2026-09-18T13:01:06.239019+00:00,2026-09-18-0600,runpod_secure,RunPod · Secure,b300-sxm-288gb,B300,SXM,OnDemand,NonInterruptible,US-West,7.8900,,,v2.4.0
2026-09-18,2026-09-18T13:01:06.239019+00:00,2026-09-18-0600,runpod_secure,RunPod · Secure,b300-sxm-288gb,B300,SXM,OnDemand,NonInterruptible,Other,7.8900,,,v2.4.0
2026-09-18,2026-09-18T14:00:53.911909+00:00,2026-09-18-0600,runpod_community,RunPod · Community,b300-sxm-288gb,B300,SXM,OnDemand,NonInterruptible,Other,6.9400,,,v2.4.0
2026-09-18,2026-09-18T14:00:53.911909+00:00,2026-09-18-0600,runpod_secure,RunPod · Secure,b300-sxm-288gb,B300,SXM,OnDemand,NonInterruptible,Other,7.8900,,,v2.4.0
2026-09-18,2026-09-18T16:02:32.982305+00:00,2026-09-18-1000,runpod_secure,RunPod · Secure,b300-sxm-288gb,B300,SXM,OnDemand,NonInterruptible,EU,7.8900,,,v2.4.0
2026-09-18,2026-09-18T17:02:59.087189+00:00,2026-09-18-1000,runpod_secure,RunPod · Secure,b300-sxm-288gb,B300,SXM,OnDemand,NonInterruptible,Other,7.8900,,,v2.4.0
2026-09-18,2026-09-18T17:02:59.087189+00:00,2026-09-18-1000,runpod_secure,RunPod · Secure,b300-sxm-288gb,B300,SXM,OnDemand,NonInterruptible,US-West,7.8900,,,v2.4.0
2026-09-18,2026-09-18T18:03:49.332062+00:00,2026-09-18-1000,runpod_community,RunPod · Community,b300-sxm-288gb,B300,SXM,OnDemand,NonInterruptible,Other,6.9400,,,v2.4.0
2026-09-18,2026-09-18T18:03:49.332062+00:00,2026-09-18-1000,runpod_secure,RunPod · Secure,b300-sxm-288gb,B300,SXM,OnDemand,NonInterruptible,Other,7.8900,,,v2.4.0
2026-09-18,2026-09-18T19:02:57.024193+00:00,2026-09-18-1400,runpod_secure,RunPod · Secure,b300-sxm-288gb,B300,SXM,OnDemand,NonInterruptible,US-West,7.8900,,,v2.4.0
2026-09-18,2026-09-18T19:02:57.024193+00:00,2026-09-18-1400,runpod_secure,RunPod · Secure,b300-sxm-288gb,B300,SXM,OnDemand,NonInterruptible,EU,7.8900,,,v2.4.0
2026-09-18,2026-09-18T20:02:48.868899+00:00,2026-09-18-1400,runpod_secure,RunPod · Secure,b300-sxm-288gb,B300,SXM,OnDemand,NonInterruptible,Other,7.8900,,,v2.4.0
2026-09-18,2026-09-18T20:02:48.868899+00:00,2026-09-18-1400,runpod_secure,RunPod · Secure,b300-sxm-288gb,B300,SXM,OnDemand,NonInterruptible,EU,7.8900,,,v2.4.0
2026-09-18,2026-09-18T22:00:50.195466+00:00,2026-09-18-1400,runpod_community,RunPod · Community,b300-sxm-288gb,B300,SXM,OnDemand,NonInterruptible,Other,6.9400,,,v2.4.0
2026-09-18,2026-09-18T22:00:50.195466+00:00,2026-09-18-1400,runpod_secure,RunPod · Secure,b300-sxm-288gb,B300,SXM,OnDemand,NonInterruptible,Other,7.8900,,,v2.4.0
2026-09-19,2026-09-19T09:00:58.327009+00:00,2026-09-18-1800,runpod_secure,RunPod · Secure,b300-sxm-288gb,B300,SXM,OnDemand,NonInterruptible,Other,7.8900,,,v2.4.0
2026-09-19,2026-09-19T10:03:03.346579+00:00,2026-09-18-1800,runpod_community,RunPod · Community,b300-sxm-288gb,B300,SXM,OnDemand,NonInterruptible,Other,6.9400,,,v2.4.0
2026-09-19,2026-09-19T10:03:03.346579+00:00,2026-09-18-1800,runpod_secure,RunPod · Secure,b300-sxm-288gb,B300,SXM,OnDemand,NonInterruptible,Other,7.8900,,,v2.4.0
2026-09-19,2026-09-19T10:03:03.346579+00:00,2026-09-18-1800,runpod_secure,RunPod · Secure,b300-sxm-288gb,B300,SXM,OnDemand,NonInterruptible,US-West,7.8900,,,v2.4.0
2026-09-19,2026-09-19T10:03:03.346579+00:00,2026-09-18-1800,runpod_secure,RunPod · Secure,b300-sxm-288gb,B300,SXM,OnDemand,NonInterruptible,EU,7.8900,,,v2.4.0
2026-09-19,2026-09-19T10:04:16.562705+00:00,2026-09-18-1800,vast_ai_verified,Vast.ai (verified),b300-sxm-288gb,B300,SXM,OnDemand,NonInterruptible,Other,13.7500,13.7500,1,v2.4.0
2026-09-19,2026-09-19T13:02:34.656302+00:00,2026-09-19-0600,runpod_secure,RunPod · Secure,b300-sxm-288gb,B300,SXM,OnDemand,NonInterruptible,EU,7.8900,,,v2.4.0
2026-09-19,2026-09-19T14:01:08.064683+00:00,2026-09-19-0600,vast_ai_verified,Vast.ai (verified),b300-sxm-288gb,B300,SXM,OnDemand,NonInterruptible,Other,13.7500,13.7500,1,v2.4.0
2026-09-19,2026-09-19T14:01:54.380559+00:00,2026-09-19-0600,runpod_community,RunPod · Community,b300-sxm-288gb,B300,SXM,OnDemand,NonInterruptible,Other,6.9400,,,v2.4.0
2026-09-19,2026-09-19T14:01:54.380559+00:00,2026-09-19-0600,runpod_secure,RunPod · Secure,b300-sxm-288gb,B300,SXM,OnDemand,NonInterruptible,US-West,7.8900,,,v2.4.0
2026-09-19,2026-09-19T14:01:54.380559+00:00,2026-09-19-0600,runpod_secure,RunPod · Secure,b300-sxm-288gb,B300,SXM,OnDemand,NonInterruptible,EU,7.8900,,,v2.4.0
2026-09-19,2026-09-19T14:01:54.380559+00:00,2026-09-19-0600,runpod_secure,RunPod · Secure,b300-sxm-288gb,B300,SXM,OnDemand,NonInterruptible,Other,7.8900,,,v2.4.0
2026-09-19,2026-09-19T16:02:19.299772+00:00,2026-09-19-1000,runpod_secure,RunPod · Secure,b300-sxm-288gb,B300,SXM,OnDemand,NonInterruptible,EU,7.8900,,,v2.4.0
2026-09-19,2026-09-19T17:02:38.559728+00:00,2026-09-19-1000,runpod_secure,RunPod · Secure,b300-sxm-288gb,B300,SXM,OnDemand,NonInterruptible,EU,7.8900,,,v2.4.0
2026-09-19,2026-09-19T18:01:06.973879+00:00,2026-09-19-1000,runpod_community,RunPod · Community,b300-sxm-288gb,B300,SXM,OnDemand,NonInterruptible,Other,6.9400,,,v2.4.0
2026-09-19,2026-09-19T18:01:06.973879+00:00,2026-09-19-1000,runpod_secure,RunPod · Secure,b300-sxm-288gb,B300,SXM,OnDemand,NonInterruptible,Other,7.8900,,,v2.4.0
2026-09-19,2026-09-19T18:01:06.973879+00:00,2026-09-19-1000,runpod_secure,RunPod · Secure,b300-sxm-288gb,B300,SXM,OnDemand,NonInterruptible,US-West,7.8900,,,v2.4.0
2026-09-19,2026-09-19T21:02:25.860302+00:00,2026-09-19-1400,runpod_secure,RunPod · Secure,b300-sxm-288gb,B300,SXM,OnDemand,NonInterruptible,EU,7.8900,,,v2.4.0
2026-09-19,2026-09-19T22:01:05.977047+00:00,2026-09-19-1400,runpod_community,RunPod · Community,b300-sxm-288gb,B300,SXM,OnDemand,NonInterruptible,Other,6.9400,,,v2.4.0
2026-09-19,2026-09-19T22:01:05.977047+00:00,2026-09-19-1400,runpod_secure,RunPod · Secure,b300-sxm-288gb,B300,SXM,OnDemand,NonInterruptible,Other,7.8900,,,v2.4.0
2026-09-19,2026-09-19T22:01:05.977047+00:00,2026-09-19-1400,runpod_secure,RunPod · Secure,b300-sxm-288gb,B300,SXM,OnDemand,NonInterruptible,EU,7.8900,,,v2.4.0
2026-09-19,2026-09-19T22:01:05.977047+00:00,2026-09-19-1400,runpod_secure,RunPod · Secure,b300-sxm-288gb,B300,SXM,OnDemand,NonInterruptible,US-West,7.8900,,,v2.4.0
2026-09-19,2026-09-20T01:19:39.962516+00:00,2026-09-19-1800,runpod_secure,RunPod · Secure,b300-sxm-288gb,B300,SXM,OnDemand,NonInterruptible,EU,7.8900,,,v2.4.0
2026-09-20,2026-09-20T06:04:08.040060+00:00,2026-09-19-1800,runpod_secure,RunPod · Secure,b300-sxm-288gb,B300,SXM,OnDemand,NonInterruptible,EU,7.8900,,,v2.4.0
2026-09-20,2026-09-20T09:01:17.471300+00:00,2026-09-19-1800,runpod_secure,RunPod · Secure,b300-sxm-288gb,B300,SXM,OnDemand,NonInterruptible,Other,7.8900,,,v2.4.0
2026-09-20,2026-09-20T10:01:50.016198+00:00,2026-09-19-1800,runpod_community,RunPod · Community,b300-sxm-288gb,B300,SXM,OnDemand,NonInterruptible,Other,6.9400,,,v2.4.0
2026-09-20,2026-09-20T10:01:50.016198+00:00,2026-09-19-1800,runpod_secure,RunPod · Secure,b300-sxm-288gb,B300,SXM,OnDemand,NonInterruptible,Other,7.8900,,,v2.4.0
2026-09-20,2026-09-20T10:01:50.016198+00:00,2026-09-19-1800,runpod_secure,RunPod · Secure,b300-sxm-288gb,B300,SXM,OnDemand,NonInterruptible,US-West,7.8900,,,v2.4.0
2026-09-20,2026-09-20T14:01:42.596100+00:00,2026-09-20-0600,runpod_community,RunPod · Community,b300-sxm-288gb,B300,SXM,OnDemand,NonInterruptible,Other,6.9400,,,v2.4.0
2026-09-20,2026-09-20T14:01:42.596100+00:00,2026-09-20-0600,runpod_secure,RunPod · Secure,b300-sxm-288gb,B300,SXM,OnDemand,NonInterruptible,Other,7.8900,,,v2.4.0
2026-09-20,2026-09-20T14:01:42.596100+00:00,2026-09-20-0600,runpod_secure,RunPod · Secure,b300-sxm-288gb,B300,SXM,OnDemand,NonInterruptible,US-West,7.8900,,,v2.4.0
2026-09-20,2026-09-20T14:01:42.596100+00:00,2026-09-20-0600,runpod_secure,RunPod · Secure,b300-sxm-288gb,B300,SXM,OnDemand,NonInterruptible,EU,7.8900,,,v2.4.0
2026-09-20,2026-09-20T18:03:25.437502+00:00,2026-09-20-1000,runpod_community,RunPod · Community,b300-sxm-288gb,B300,SXM,OnDemand,NonInterruptible,Other,6.9400,,,v2.4.0
2026-09-20,2026-09-20T18:03:25.437502+00:00,2026-09-20-1000,runpod_secure,RunPod · Secure,b300-sxm-288gb,B300,SXM,OnDemand,NonInterruptible,US-West,7.8900,,,v2.4.0
2026-09-20,2026-09-20T18:03:25.437502+00:00,2026-09-20-1000,runpod_secure,RunPod · Secure,b300-sxm-288gb,B300,SXM,OnDemand,NonInterruptible,Other,7.8900,,,v2.4.0
2026-09-20,2026-09-20T18:03:25.437502+00:00,2026-09-20-1000,runpod_secure,RunPod · Secure,b300-sxm-288gb,B300,SXM,OnDemand,NonInterruptible,EU,7.8900,,,v2.4.0
2026-09-20,2026-09-20T22:02:20.754118+00:00,2026-09-20-1400,runpod_community,RunPod · Community,b300-sxm-288gb,B300,SXM,OnDemand,NonInterruptible,Other,6.9400,,,v2.4.0
2026-09-20,2026-09-20T22:02:20.754118+00:00,2026-09-20-1400,runpod_secure,RunPod · Secure,b300-sxm-288gb,B300,SXM,OnDemand,NonInterruptible,EU,7.8900,,,v2.4.0
2026-09-20,2026-09-20T22:02:20.754118+00:00,2026-09-20-1400,runpod_secure,RunPod · Secure,b300-sxm-288gb,B300,SXM,OnDemand,NonInterruptible,US-West,7.8900,,,v2.4.0
2026-09-20,2026-09-20T22:02:20.754118+00:00,2026-09-20-1400,runpod_secure,RunPod · Secure,b300-sxm-288gb,B300,SXM,OnDemand,NonInterruptible,Other,7.8900,,,v2.4.0
2026-09-20,2026-09-21T03:03:27.559006+00:00,2026-09-20-1800,runpod_secure,RunPod · Secure,b300-sxm-288gb,B300,SXM,OnDemand,NonInterruptible,Other,7.8900,,,v2.4.0
2026-09-21,2026-09-21T09:01:30.791141+00:00,2026-09-20-1800,runpod_secure,RunPod · Secure,b300-sxm-288gb,B300,SXM,OnDemand,NonInterruptible,EU,7.8900,,,v2.4.0
2026-09-21,2026-09-21T10:01:15.865257+00:00,2026-09-20-1800,runpod_community,RunPod · Community,b300-sxm-288gb,B300,SXM,OnDemand,NonInterruptible,Other,6.9400,,,v2.4.0
2026-09-21,2026-09-21T10:01:15.865257+00:00,2026-09-20-1800,runpod_secure,RunPod · Secure,b300-sxm-288gb,B300,SXM,OnDemand,NonInterruptible,Other,7.8900,,,v2.4.0
2026-09-21,2026-09-21T10:01:15.865257+00:00,2026-09-20-1800,runpod_secure,RunPod · Secure,b300-sxm-288gb,B300,SXM,OnDemand,NonInterruptible,US-West,7.8900,,,v2.4.0
2026-09-21,2026-09-21T10:01:15.865257+00:00,2026-09-20-1800,runpod_secure,RunPod · Secure,b300-sxm-288gb,B300,SXM,OnDemand,NonInterruptible,EU,7.8900,,,v2.4.0
2026-09-21,2026-09-21T14:01:12.728146+00:00,2026-09-21-0600,runpod_community,RunPod · Community,b300-sxm-288gb,B300,SXM,OnDemand,NonInterruptible,Other,6.9400,,,v2.4.0
2026-09-21,2026-09-21T14:01:12.728146+00:00,2026-09-21-0600,runpod_secure,RunPod · Secure,b300-sxm-288gb,B300,SXM,OnDemand,NonInterruptible,Other,7.8900,,,v2.4.0
2026-09-21,2026-09-21T14:01:12.728146+00:00,2026-09-21-0600,runpod_secure,RunPod · Secure,b300-sxm-288gb,B300,SXM,OnDemand,NonInterruptible,US-West,7.8900,,,v2.4.0
2026-09-21,2026-09-21T14:01:12.728146+00:00,2026-09-21-0600,runpod_secure,RunPod · Secure,b300-sxm-288gb,B300,SXM,OnDemand,NonInterruptible,EU,7.8900,,,v2.4.0
2026-09-21,2026-09-21T14:01:12.728146+00:00,2026-09-21-0600,runpod_secure,RunPod · Secure,b300-sxm-288gb,B300,SXM,OnDemand,NonInterruptible,EU,7.8900,,,v2.4.0
2026-09-21,2026-09-21T17:00:58.653022+00:00,2026-09-21-1000,runpod_secure,RunPod · Secure,b300-sxm-288gb,B300,SXM,OnDemand,NonInterruptible,EU,7.8900,,,v2.4.0
2026-09-21,2026-09-21T18:03:12.156154+00:00,2026-09-21-1000,runpod_community,RunPod · Community,b300-sxm-288gb,B300,SXM,OnDemand,NonInterruptible,Other,6.9400,,,v2.4.0
2026-09-21,2026-09-21T18:03:12.156154+00:00,2026-09-21-1000,runpod_secure,RunPod · Secure,b300-sxm-288gb,B300,SXM,OnDemand,NonInterruptible,Other,7.8900,,,v2.4.0
2026-09-21,2026-09-21T18:03:12.156154+00:00,2026-09-21-1000,runpod_secure,RunPod · Secure,b300-sxm-288gb,B300,SXM,OnDemand,NonInterruptible,EU,7.8900,,,v2.4.0
2026-09-21,2026-09-21T18:03:12.156154+00:00,2026-09-21-1000,runpod_secure,RunPod · Secure,b300-sxm-288gb,B300,SXM,OnDemand,NonInterruptible,US-West,7.8900,,,v2.4.0
2026-09-21,2026-09-21T19:01:12.960873+00:00,2026-09-21-1400,runpod_secure,RunPod · Secure,b300-sxm-288gb,B300,SXM,OnDemand,NonInterruptible,EU,7.8900,,,v2.4.0
2026-09-21,2026-09-21T21:04:41.953669+00:00,2026-09-21-1400,runpod_secure,RunPod · Secure,b300-sxm-288gb,B300,SXM,OnDemand,NonInterruptible,Other,7.8900,,,v2.4.0
2026-09-21,2026-09-21T22:01:13.488912+00:00,2026-09-21-1400,runpod_community,RunPod · Community,b300-sxm-288gb,B300,SXM,OnDemand,NonInterruptible,Other,6.9400,,,v2.4.0
2026-09-21,2026-09-21T22:01:13.488912+00:00,2026-09-21-1400,runpod_secure,RunPod · Secure,b300-sxm-288gb,B300,SXM,OnDemand,NonInterruptible,Other,7.8900,,,v2.4.0
2026-09-21,2026-09-21T22:01:13.488912+00:00,2026-09-21-1400,runpod_secure,RunPod · Secure,b300-sxm-288gb,B300,SXM,OnDemand,NonInterruptible,US-West,7.8900,,,v2.4.0
