chip_slug,n_sku_regions,n_available_now,pct_available,n_providers_carrying,n_providers_with_any_availability,n_distinct_regions,per_gpu_dph_min,per_gpu_dph_p25,per_gpu_dph_median,per_gpu_dph_p75,per_gpu_dph_max,cheapest_available_provider,cheapest_available_per_gpu_dph,as_of_date,collected_at,methodology_version
a100-sxm-80gb,49,7,0.14285714285714285,6,3,23,1.38,1.38,1.8575,3.0,3.28,Massed Compute,1.38,2026-09-16,2026-09-17 01:27:42.905559+00:00,v2.4.0
h100-sxm,47,2,0.0425531914893617,9,1,30,1.95,3.14,3.99,4.19,4.41,Lambda Labs,4.19,2026-09-16,2026-09-17 01:27:42.905559+00:00,v2.4.0
l40s,44,13,0.29545454545454547,7,3,16,0.69,0.88,0.88,1.5,1.7,Massed Compute,0.88,2026-09-16,2026-09-17 01:27:42.905559+00:00,v2.4.0
h100-pcie,42,9,0.21428571428571427,7,5,18,1.66,2.48,2.7275,3.3,5.99,Hyperstack,2.5,2026-09-16,2026-09-17 01:27:42.905559+00:00,v2.4.0
rtx-pro-6000,42,7,0.16666666666666666,7,2,16,0.99,1.85,1.9575,2.19,3.41,Massed Compute,2.19,2026-09-16,2026-09-17 01:27:42.905559+00:00,v2.4.0
a100-pcie-80gb,40,6,0.15,4,2,15,1.35,1.35,1.375,2.0,2.6,Massed Compute,1.35,2026-09-16,2026-09-17 01:27:42.905559+00:00,v2.4.0
h200-sxm,37,1,0.02702702702702703,7,1,17,2.25,4.205,4.51625,4.615,4.63,Excess Supply?,4.0,2026-09-16,2026-09-17 01:27:42.905559+00:00,v2.4.0
b300,9,1,0.1111111111111111,3,1,4,4.5,7.705,7.8075,7.91,9.0075,Excess Supply?,4.5,2026-09-16,2026-09-17 01:27:42.905559+00:00,v2.4.0
gh200,2,1,0.5,2,1,2,2.29,2.7750000000000004,3.2600000000000002,3.745,4.23,Lambda Labs,2.29,2026-09-16,2026-09-17 01:27:42.905559+00:00,v2.4.0
