chip_slug,n_sku_regions,n_available_now,pct_available,n_providers_carrying,n_providers_with_any_availability,n_distinct_regions,per_gpu_dph_min,per_gpu_dph_p25,per_gpu_dph_median,per_gpu_dph_p75,per_gpu_dph_max,cheapest_available_provider,cheapest_available_per_gpu_dph,as_of_date,collected_at,methodology_version
a100-sxm-80gb,48,3,0.0625,6,2,23,1.24,1.28,1.79,2.17,3.28,Denvr,1.4,2026-05-05,2026-05-05 21:45:26.795910,v2.0.0
h100-sxm,43,1,0.023255813953488372,9,1,28,1.95,2.4,2.99,3.09,3.34,DigitalOcean,3.34,2026-05-05,2026-05-05 21:45:26.795910,v2.0.0
l40s,43,11,0.2558139534883721,7,4,15,0.69,0.88,0.88,1.45,1.61,BoostRun?,0.69,2026-05-05,2026-05-05 21:45:26.795910,v2.0.0
h100-pcie,42,7,0.16666666666666666,7,3,18,1.66,2.48,2.49,2.98,5.99,Hyperstack,1.9,2026-05-05,2026-05-05 21:45:26.795910,v2.0.0
a100-pcie-80gb,40,5,0.125,4,3,15,1.28,1.28,1.375,1.65,2.6,Massed Compute,1.28,2026-05-05,2026-05-05 21:45:26.795910,v2.0.0
h200-sxm,36,2,0.05555555555555555,7,2,16,1.9,2.45,3.28125,3.5653125,7.395,DigitalOcean,3.44,2026-05-05,2026-05-05 21:45:26.795910,v2.0.0
rtx-pro-6000,34,8,0.23529411764705882,7,3,13,0.99,1.275,1.79,1.8,3.41,Verda,1.76,2026-05-05,2026-05-05 21:45:26.795910,v2.0.0
b300,4,1,0.25,1,1,1,7.195,7.27375,7.35,7.4,7.4,Verda,7.4,2026-05-05,2026-05-05 21:45:26.795910,v2.0.0
gh200,2,0,0.0,2,0,2,1.49,2.175,2.8600000000000003,3.5450000000000004,4.23,,,2026-05-05,2026-05-05 21:45:26.795910,v2.0.0
