as_of_date,cycle_hour,chip_slug,n_sources,n_count_sources,idle_gpus_observable,gpuw_pct_source_equal,methodology_version
2026-07-06,2026-07-06T10:00:00+00:00,b200-sxm,1,0,,0.0,v2.0.0
2026-07-06,2026-07-06T11:00:00+00:00,b200-sxm,3,0,,0.4583,v2.0.0
2026-07-06,2026-07-06T15:00:00+00:00,b200-sxm,4,0,,0.3438,v2.0.0
2026-07-06,2026-07-06T20:00:00+00:00,b200-sxm,4,0,,0.2812,v2.0.0
2026-07-06,2026-07-06T22:00:00+00:00,b200-sxm,4,0,,0.2812,v2.0.0
2026-07-06,2026-07-07T04:00:00+00:00,b200-sxm,4,0,,0.2812,v2.0.0
2026-07-07,2026-07-07T09:00:00+00:00,b200-sxm,2,0,,0.0625,v2.0.0
2026-07-07,2026-07-07T10:00:00+00:00,b200-sxm,2,0,,0.5,v2.0.0
2026-07-07,2026-07-07T15:00:00+00:00,b200-sxm,5,0,,0.425,v2.0.0
2026-07-07,2026-07-07T17:00:00+00:00,b200-sxm,4,0,,0.0312,v2.0.0
2026-07-07,2026-07-07T20:00:00+00:00,b200-sxm,5,0,,0.425,v2.0.0
2026-07-07,2026-07-07T22:00:00+00:00,b200-sxm,5,0,,0.425,v2.0.0
2026-07-07,2026-07-08T03:00:00+00:00,b200-sxm,4,0,,0.2812,v2.0.0
2026-07-08,2026-07-08T08:00:00+00:00,b200-sxm,4,0,,0.2812,v2.0.0
2026-07-08,2026-07-08T11:00:00+00:00,b200-sxm,4,0,,0.2812,v2.0.0
2026-07-08,2026-07-08T14:00:00+00:00,b200-sxm,4,0,,0.2812,v2.0.0
2026-07-08,2026-07-08T16:00:00+00:00,b200-sxm,4,0,,0.2812,v2.0.0
2026-07-08,2026-07-08T19:00:00+00:00,b200-sxm,4,0,,0.2812,v2.0.0
2026-07-08,2026-07-08T22:00:00+00:00,b200-sxm,5,0,,0.425,v2.0.0
2026-07-08,2026-07-09T04:00:00+00:00,b200-sxm,4,0,,0.2812,v2.0.0
2026-07-09,2026-07-09T10:00:00+00:00,b200-sxm,4,0,,0.2812,v2.0.0
2026-07-09,2026-07-09T15:00:00+00:00,b200-sxm,4,0,,0.2812,v2.0.0
2026-07-09,2026-07-09T20:00:00+00:00,b200-sxm,4,0,,0.2812,v2.0.0
2026-07-09,2026-07-09T22:00:00+00:00,b200-sxm,5,0,,0.425,v2.0.0
2026-07-09,2026-07-10T04:00:00+00:00,b200-sxm,4,0,,0.2812,v2.0.0
2026-07-10,2026-07-10T09:00:00+00:00,b200-sxm,4,0,,0.2812,v2.0.0
2026-07-10,2026-07-10T14:00:00+00:00,b200-sxm,4,0,,0.2812,v2.0.0
2026-07-10,2026-07-10T17:00:00+00:00,b200-sxm,4,0,,0.2812,v2.0.0
2026-07-10,2026-07-10T19:00:00+00:00,b200-sxm,4,0,,0.0312,v2.0.0
2026-07-10,2026-07-10T22:00:00+00:00,b200-sxm,4,0,,0.2812,v2.0.0
2026-07-10,2026-07-11T03:00:00+00:00,b200-sxm,4,0,,0.2812,v2.0.0
2026-07-11,2026-07-11T08:00:00+00:00,b200-sxm,4,0,,0.2812,v2.0.0
2026-07-11,2026-07-11T10:00:00+00:00,b200-sxm,4,0,,0.2812,v2.0.0
2026-07-11,2026-07-11T13:00:00+00:00,b200-sxm,4,0,,0.2812,v2.0.0
2026-07-11,2026-07-11T16:00:00+00:00,b200-sxm,4,0,,0.2812,v2.0.0
2026-07-11,2026-07-11T19:00:00+00:00,b200-sxm,4,0,,0.2812,v2.0.0
2026-07-11,2026-07-11T22:00:00+00:00,b200-sxm,4,0,,0.2812,v2.0.0
2026-07-11,2026-07-12T03:00:00+00:00,b200-sxm,4,0,,0.2812,v2.0.0
2026-07-12,2026-07-12T08:00:00+00:00,b200-sxm,5,0,,0.425,v2.0.0
2026-07-12,2026-07-12T10:00:00+00:00,b200-sxm,4,0,,0.2812,v2.0.0
2026-07-12,2026-07-12T13:00:00+00:00,b200-sxm,4,0,,0.2812,v2.0.0
2026-07-12,2026-07-12T16:00:00+00:00,b200-sxm,4,0,,0.2812,v2.0.0
2026-07-12,2026-07-12T19:00:00+00:00,b200-sxm,5,0,,0.425,v2.0.0
2026-07-12,2026-07-12T22:00:00+00:00,b200-sxm,4,0,,0.2812,v2.0.0
2026-07-12,2026-07-13T03:00:00+00:00,b200-sxm,4,0,,0.2812,v2.0.0
2026-07-12,2026-07-13T04:00:00+00:00,b200-sxm,1,0,,1.0,v2.0.0
2026-07-13,2026-07-13T09:00:00+00:00,b200-sxm,4,0,,0.0312,v2.0.0
2026-07-13,2026-07-13T15:00:00+00:00,b200-sxm,4,0,,0.0312,v2.0.0
2026-07-13,2026-07-13T17:00:00+00:00,b200-sxm,4,0,,0.2812,v2.0.0
2026-07-13,2026-07-13T19:00:00+00:00,b200-sxm,4,0,,0.2812,v2.0.0
2026-07-13,2026-07-13T22:00:00+00:00,b200-sxm,4,0,,0.2812,v2.0.0
2026-07-13,2026-07-14T03:00:00+00:00,b200-sxm,4,0,,0.2812,v2.0.0
2026-07-14,2026-07-14T08:00:00+00:00,b200-sxm,4,0,,0.0625,v2.0.0
2026-07-14,2026-07-14T10:00:00+00:00,b200-sxm,4,0,,0.2812,v2.0.0
2026-07-14,2026-07-14T14:00:00+00:00,b200-sxm,4,0,,0.3125,v2.0.0
2026-07-14,2026-07-14T16:00:00+00:00,b200-sxm,4,0,,0.0625,v2.0.0
2026-07-14,2026-07-14T19:00:00+00:00,b200-sxm,4,0,,0.3125,v2.0.0
2026-07-14,2026-07-14T22:00:00+00:00,b200-sxm,4,0,,0.2812,v2.0.0
2026-07-14,2026-07-15T03:00:00+00:00,b200-sxm,4,0,,0.4631,v2.0.0
2026-07-15,2026-07-15T08:00:00+00:00,b200-sxm,4,1,0,0.25,v2.2.0
2026-07-15,2026-07-15T11:00:00+00:00,b200-sxm,5,0,,0.4,v2.2.0
2026-07-15,2026-07-15T14:00:00+00:00,b200-sxm,4,0,,0.25,v2.2.0
2026-07-15,2026-07-15T16:00:00+00:00,b200-sxm,4,0,,0.2812,v2.2.0
2026-07-15,2026-07-15T19:00:00+00:00,b200-sxm,4,0,,0.25,v2.2.0
2026-07-15,2026-07-15T22:00:00+00:00,b200-sxm,4,0,,0.25,v2.2.0
2026-07-15,2026-07-16T03:00:00+00:00,b200-sxm,4,0,,0.2812,v2.2.0
2026-07-16,2026-07-16T08:00:00+00:00,b200-sxm,4,0,,0.2812,v2.2.0
2026-07-16,2026-07-16T11:00:00+00:00,b200-sxm,4,0,,0.2812,v2.2.0
2026-07-16,2026-07-16T14:00:00+00:00,b200-sxm,4,0,,0.2812,v2.2.0
2026-07-16,2026-07-16T16:00:00+00:00,b200-sxm,4,0,,0.2812,v2.2.0
2026-07-16,2026-07-16T19:00:00+00:00,b200-sxm,5,0,,0.425,v2.2.0
2026-07-16,2026-07-16T22:00:00+00:00,b200-sxm,5,0,,0.425,v2.2.0
2026-07-16,2026-07-17T03:00:00+00:00,b200-sxm,4,0,,0.2812,v2.2.0
2026-07-17,2026-07-17T08:00:00+00:00,b200-sxm,4,0,,0.25,v2.2.0
2026-07-17,2026-07-17T10:00:00+00:00,b200-sxm,4,0,,0.2812,v2.2.0
2026-07-17,2026-07-17T13:00:00+00:00,b200-sxm,1,0,,0.0,v2.2.0
2026-07-17,2026-07-17T14:00:00+00:00,b200-sxm,4,0,,0.5,v2.2.0
2026-07-17,2026-07-17T16:00:00+00:00,b200-sxm,4,0,,0.2812,v2.2.0
2026-07-17,2026-07-17T19:00:00+00:00,b200-sxm,4,0,,0.0,v2.2.0
2026-07-17,2026-07-17T22:00:00+00:00,b200-sxm,4,0,,0.2812,v2.2.0
2026-07-17,2026-07-18T03:00:00+00:00,b200-sxm,4,0,,0.3125,v2.2.0
2026-07-18,2026-07-18T08:00:00+00:00,b200-sxm,4,0,,0.3125,v2.2.0
2026-07-18,2026-07-18T10:00:00+00:00,b200-sxm,4,0,,0.3125,v2.2.0
2026-07-18,2026-07-18T13:00:00+00:00,b200-sxm,5,0,,0.45,v2.2.0
2026-07-18,2026-07-18T16:00:00+00:00,b200-sxm,4,0,,0.3125,v2.2.0
2026-07-18,2026-07-18T19:00:00+00:00,b200-sxm,4,0,,0.2812,v2.2.0
2026-07-18,2026-07-18T22:00:00+00:00,b200-sxm,4,0,,0.3125,v2.2.0
2026-07-18,2026-07-19T03:00:00+00:00,b200-sxm,4,0,,0.3125,v2.2.0
2026-07-19,2026-07-19T08:00:00+00:00,b200-sxm,4,0,,0.3125,v2.2.0
2026-07-19,2026-07-19T10:00:00+00:00,b200-sxm,4,0,,0.3125,v2.2.0
2026-07-19,2026-07-19T13:00:00+00:00,b200-sxm,4,0,,0.3125,v2.2.0
2026-07-19,2026-07-19T16:00:00+00:00,b200-sxm,4,1,0,0.3125,v2.2.0
2026-07-19,2026-07-19T19:00:00+00:00,b200-sxm,4,0,,0.3125,v2.2.0
2026-07-19,2026-07-19T22:00:00+00:00,b200-sxm,5,0,,0.45,v2.2.0
2026-07-19,2026-07-20T03:00:00+00:00,b200-sxm,1,0,,0.0,v2.2.0
2026-07-19,2026-07-20T04:00:00+00:00,b200-sxm,3,0,,0.4167,v2.2.0
2026-07-20,2026-07-20T09:00:00+00:00,b200-sxm,4,0,,0.3125,v2.2.0
2026-07-20,2026-07-20T14:00:00+00:00,b200-sxm,4,0,,0.3125,v2.2.0
2026-07-20,2026-07-20T16:00:00+00:00,b200-sxm,4,0,,0.3125,v2.2.0
2026-07-20,2026-07-20T19:00:00+00:00,b200-sxm,5,0,,0.45,v2.2.0
2026-07-20,2026-07-20T22:00:00+00:00,b200-sxm,5,0,,0.45,v2.2.0
2026-07-20,2026-07-21T03:00:00+00:00,b200-sxm,4,0,,0.3125,v2.2.0
2026-07-21,2026-07-21T08:00:00+00:00,b200-sxm,4,0,,0.3125,v2.2.0
2026-07-21,2026-07-21T11:00:00+00:00,b200-sxm,4,0,,0.0625,v2.2.0
2026-07-21,2026-07-21T14:00:00+00:00,b200-sxm,4,0,,0.3125,v2.2.0
2026-07-21,2026-07-21T16:00:00+00:00,b200-sxm,4,0,,0.3125,v2.2.0
2026-07-21,2026-07-21T19:00:00+00:00,b200-sxm,5,0,,0.425,v2.2.0
2026-07-21,2026-07-21T22:00:00+00:00,b200-sxm,4,0,,0.25,v2.2.0
2026-07-21,2026-07-22T03:00:00+00:00,b200-sxm,4,0,,0.25,v2.2.0
2026-07-22,2026-07-22T08:00:00+00:00,b200-sxm,4,0,,0.0,v2.2.1
2026-07-22,2026-07-22T11:00:00+00:00,b200-sxm,4,0,,0.25,v2.2.1
2026-07-22,2026-07-22T14:00:00+00:00,b200-sxm,4,0,,0.25,v2.2.1
2026-07-22,2026-07-22T16:00:00+00:00,b200-sxm,4,0,,0.25,v2.2.1
2026-07-22,2026-07-22T19:00:00+00:00,b200-sxm,4,0,,0.25,v2.2.1
2026-07-22,2026-07-22T22:00:00+00:00,b200-sxm,4,0,,0.25,v2.2.1
2026-07-22,2026-07-23T03:00:00+00:00,b200-sxm,4,0,,0.25,v2.2.1
2026-07-23,2026-07-23T08:00:00+00:00,b200-sxm,4,0,,0.25,v2.2.1
2026-07-23,2026-07-23T11:00:00+00:00,b200-sxm,4,0,,0.25,v2.2.1
2026-07-23,2026-07-23T14:00:00+00:00,b200-sxm,5,0,,0.2,v2.2.1
2026-07-23,2026-07-23T16:00:00+00:00,b200-sxm,4,0,,0.0,v2.2.1
2026-07-23,2026-07-23T19:00:00+00:00,b200-sxm,5,0,,0.4,v2.2.1
2026-07-23,2026-07-23T22:00:00+00:00,b200-sxm,5,0,,0.2,v2.2.1
2026-07-23,2026-07-24T03:00:00+00:00,b200-sxm,4,0,,0.25,v2.2.1
2026-07-24,2026-07-24T07:00:00+00:00,b200-sxm,4,0,,0.25,v2.2.1
2026-07-24,2026-07-24T09:00:00+00:00,b200-sxm,1,0,,0.0,v2.2.1
2026-07-24,2026-07-24T10:00:00+00:00,b200-sxm,3,0,,0.3333,v2.2.1
2026-07-24,2026-07-24T12:00:00+00:00,b200-sxm,4,0,,0.25,v2.2.1
2026-07-24,2026-07-24T15:00:00+00:00,b200-sxm,5,0,,0.4,v2.2.1
2026-07-24,2026-07-24T18:00:00+00:00,b200-sxm,5,0,,0.4,v2.2.1
2026-07-24,2026-07-24T21:00:00+00:00,b200-sxm,5,0,,0.4,v2.2.1
2026-07-24,2026-07-25T00:00:00+00:00,b200-sxm,4,0,,0.25,v2.2.1
2026-07-24,2026-07-25T01:00:00+00:00,b200-sxm,1,0,,1.0,v2.2.1
2026-07-24,2026-07-25T04:00:00+00:00,b200-sxm,5,0,,0.425,v2.2.1
2026-07-25,2026-07-25T07:00:00+00:00,b200-sxm,5,0,,0.425,v2.2.1
2026-07-25,2026-07-25T09:00:00+00:00,b200-sxm,5,0,,0.425,v2.2.1
2026-07-25,2026-07-25T12:00:00+00:00,b200-sxm,5,0,,0.425,v2.2.1
2026-07-25,2026-07-25T15:00:00+00:00,b200-sxm,5,0,,0.425,v2.2.1
2026-07-25,2026-07-25T18:00:00+00:00,b200-sxm,5,0,,0.425,v2.2.1
2026-07-25,2026-07-25T21:00:00+00:00,b200-sxm,5,0,,0.425,v2.2.1
2026-07-25,2026-07-26T00:00:00+00:00,b200-sxm,2,0,,0.0625,v2.2.1
2026-07-25,2026-07-26T01:00:00+00:00,b200-sxm,3,0,,0.6667,v2.2.1
2026-07-25,2026-07-26T04:00:00+00:00,b200-sxm,5,0,,0.425,v2.2.1
2026-07-26,2026-07-26T07:00:00+00:00,b200-sxm,5,0,,0.4,v2.2.1
2026-07-26,2026-07-26T09:00:00+00:00,b200-sxm,5,0,,0.425,v2.2.1
2026-07-26,2026-07-26T12:00:00+00:00,b200-sxm,5,0,,0.425,v2.2.1
2026-07-26,2026-07-26T15:00:00+00:00,b200-sxm,5,0,,0.425,v2.2.1
2026-07-26,2026-07-26T18:00:00+00:00,b200-sxm,4,0,,0.2812,v2.2.1
2026-07-26,2026-07-26T21:00:00+00:00,b200-sxm,4,0,,0.3125,v2.2.1
2026-07-26,2026-07-27T00:00:00+00:00,b200-sxm,4,0,,0.3125,v2.2.1
2026-07-26,2026-07-27T04:00:00+00:00,b200-sxm,4,0,,0.3125,v2.2.1
2026-07-27,2026-07-27T07:00:00+00:00,b200-sxm,3,0,,0.4167,v2.2.1
2026-07-27,2026-07-27T10:00:00+00:00,b200-sxm,4,0,,0.2812,v2.2.1
2026-07-27,2026-07-27T13:00:00+00:00,b200-sxm,5,0,,0.425,v2.2.1
2026-07-27,2026-07-27T16:00:00+00:00,b200-sxm,4,0,,0.2812,v2.2.1
2026-07-27,2026-07-27T18:00:00+00:00,b200-sxm,4,0,,0.2812,v2.2.1
2026-07-27,2026-07-27T21:00:00+00:00,b200-sxm,4,0,,0.2812,v2.2.1
2026-07-27,2026-07-28T00:00:00+00:00,b200-sxm,4,0,,0.2812,v2.2.1
2026-07-27,2026-07-28T04:00:00+00:00,b200-sxm,5,1,0,0.225,v2.2.1
2026-07-28,2026-07-28T07:00:00+00:00,b200-sxm,5,1,0,0.2,v2.2.1
2026-07-28,2026-07-28T10:00:00+00:00,b200-sxm,5,1,0,0.225,v2.2.1
2026-07-28,2026-07-28T12:00:00+00:00,b200-sxm,5,1,0,0.225,v2.2.1
2026-07-28,2026-07-28T15:00:00+00:00,b200-sxm,5,1,0,0.225,v2.2.1
2026-07-28,2026-07-28T18:00:00+00:00,b200-sxm,5,1,0,0.2,v2.2.1
2026-07-28,2026-07-28T21:00:00+00:00,b200-sxm,6,1,0,0.3333,v2.2.1
2026-07-28,2026-07-29T00:00:00+00:00,b200-sxm,6,1,0,0.3333,v2.2.1
2026-07-28,2026-07-29T04:00:00+00:00,b200-sxm,5,1,0,0.2,v2.2.1
2026-07-29,2026-07-29T07:00:00+00:00,b200-sxm,5,1,0,0.225,v2.2.1
2026-07-29,2026-07-29T10:00:00+00:00,b200-sxm,5,1,0,0.225,v2.2.1
2026-07-29,2026-07-29T12:00:00+00:00,b200-sxm,5,1,0,0.225,v2.2.1
2026-07-29,2026-07-29T15:00:00+00:00,b200-sxm,5,1,0,0.225,v2.2.1
2026-07-29,2026-07-29T18:00:00+00:00,b200-sxm,5,1,0,0.225,v2.2.1
2026-07-29,2026-07-29T21:00:00+00:00,b200-sxm,5,1,0,0.2,v2.2.1
2026-07-29,2026-07-30T00:00:00+00:00,b200-sxm,5,1,0,0.225,v2.2.1
2026-07-29,2026-07-30T04:00:00+00:00,b200-sxm,5,1,0,0.225,v2.2.1
2026-07-30,2026-07-30T07:00:00+00:00,b200-sxm,5,1,0,0.225,v2.2.1
2026-07-30,2026-07-30T10:00:00+00:00,b200-sxm,5,1,0,0.225,v2.2.1
2026-07-30,2026-07-30T12:00:00+00:00,b200-sxm,6,2,0,0.3542,v2.2.1
2026-07-30,2026-07-30T15:00:00+00:00,b200-sxm,5,1,0,0.225,v2.2.1
2026-07-30,2026-07-30T18:00:00+00:00,b200-sxm,5,1,0,0.225,v2.2.1
2026-07-30,2026-07-30T21:00:00+00:00,b200-sxm,6,1,0,0.3542,v2.2.1
2026-07-30,2026-07-31T00:00:00+00:00,b200-sxm,5,1,0,0.025,v2.2.1
2026-07-30,2026-07-31T04:00:00+00:00,b200-sxm,5,1,0,0.2,v2.2.1
2026-07-31,2026-07-31T07:00:00+00:00,b200-sxm,5,1,0,0.2,v2.2.1
2026-07-31,2026-07-31T10:00:00+00:00,b200-sxm,5,1,0,0.2,v2.2.1
2026-07-31,2026-07-31T12:00:00+00:00,b200-sxm,5,1,0,0.2,v2.2.1
2026-07-31,2026-07-31T15:00:00+00:00,b200-sxm,5,1,0,0.2,v2.2.1
2026-07-31,2026-07-31T18:00:00+00:00,b200-sxm,6,1,0,0.3333,v2.2.1
2026-07-31,2026-07-31T21:00:00+00:00,b200-sxm,6,1,0,0.3333,v2.2.1
2026-07-31,2026-08-01T00:00:00+00:00,b200-sxm,5,1,0,0.2,v2.2.1
2026-07-31,2026-08-01T01:00:00+00:00,b200-sxm,1,0,,1.0,v2.2.1
2026-07-31,2026-08-01T04:00:00+00:00,b200-sxm,6,1,0,0.3333,v2.2.1
2026-08-01,2026-08-01T07:00:00+00:00,b200-sxm,6,1,0,0.3542,v2.2.1
2026-08-01,2026-08-01T09:00:00+00:00,b200-sxm,6,1,0,0.3542,v2.2.1
2026-08-01,2026-08-01T12:00:00+00:00,b200-sxm,6,1,0,0.3333,v2.2.1
2026-08-01,2026-08-01T15:00:00+00:00,b200-sxm,6,1,0,0.3542,v2.2.1
2026-08-01,2026-08-01T18:00:00+00:00,b200-sxm,6,1,0,0.3333,v2.2.1
2026-08-01,2026-08-01T21:00:00+00:00,b200-sxm,6,1,0,0.3333,v2.2.1
2026-08-01,2026-08-02T00:00:00+00:00,b200-sxm,3,0,,0.0,v2.2.1
2026-08-01,2026-08-02T01:00:00+00:00,b200-sxm,3,1,0,0.6667,v2.2.1
2026-08-01,2026-08-02T04:00:00+00:00,b200-sxm,6,1,0,0.3333,v2.2.1
2026-08-02,2026-08-02T07:00:00+00:00,b200-sxm,6,1,0,0.3333,v2.2.1
2026-08-02,2026-08-02T09:00:00+00:00,b200-sxm,6,1,0,0.3542,v2.2.1
2026-08-02,2026-08-02T12:00:00+00:00,b200-sxm,6,1,0,0.3542,v2.2.1
2026-08-02,2026-08-02T15:00:00+00:00,b200-sxm,6,1,0,0.3542,v2.2.1
2026-08-02,2026-08-02T18:00:00+00:00,b200-sxm,5,1,0,0.225,v2.2.1
2026-08-02,2026-08-02T21:00:00+00:00,b200-sxm,6,1,0,0.3542,v2.2.1
2026-08-02,2026-08-03T00:00:00+00:00,b200-sxm,5,1,0,0.225,v2.2.1
2026-08-02,2026-08-03T04:00:00+00:00,b200-sxm,5,1,0,0.225,v2.2.1
2026-08-03,2026-08-03T07:00:00+00:00,b200-sxm,5,1,0,0.225,v2.2.1
2026-08-03,2026-08-03T10:00:00+00:00,b200-sxm,5,1,0,0.225,v2.2.1
2026-08-03,2026-08-03T13:00:00+00:00,b200-sxm,5,1,0,0.225,v2.2.1
2026-08-03,2026-08-03T16:00:00+00:00,b200-sxm,4,1,0,0.2812,v2.2.1
2026-08-03,2026-08-03T18:00:00+00:00,b200-sxm,5,1,0,0.2,v2.2.1
2026-08-03,2026-08-03T21:00:00+00:00,b200-sxm,6,1,0,0.3333,v2.2.1
2026-08-03,2026-08-04T00:00:00+00:00,b200-sxm,5,1,0,0.225,v2.2.1
2026-08-03,2026-08-04T04:00:00+00:00,b200-sxm,5,1,0,0.2,v2.2.1
2026-08-04,2026-08-04T07:00:00+00:00,b200-sxm,5,1,0,0.2,v2.2.1
