as_of_date,cycle,chip_slug,utilization,total_gpus,idle_gpus,n_machines,n_machines_fully_rented,n_machines_idle_ge_8,methodology_version
2026-05-13,2026-05-13-1400,ALL,0.8762,10450,1294,2538,2072,51,v2.0.0
2026-05-13,2026-05-13-1800,ALL,0.8687,10598,1392,2572,2039,59,v2.0.0
2026-05-14,2026-05-14-0600,ALL,0.8792,10642,1286,2567,2085,52,v2.0.0
2026-05-14,2026-05-14-1000,ALL,0.888,10541,1181,2557,2131,51,v2.0.0
2026-05-14,2026-05-14-1400,ALL,0.8744,10450,1313,2549,2061,55,v2.0.0
2026-05-14,2026-05-14-1800,ALL,0.8875,10535,1185,2564,2123,50,v2.0.0
2026-05-15,2026-05-15-0600,ALL,0.8833,10676,1246,2595,2145,53,v2.0.0
2026-05-15,2026-05-15-1000,ALL,0.8928,10639,1141,2569,2139,48,v2.0.0
2026-05-15,2026-05-15-1400,ALL,0.8858,10643,1215,2559,2084,42,v2.0.0
2026-05-15,2026-05-15-1800,ALL,0.8783,10581,1288,2570,2096,50,v2.0.0
2026-05-16,2026-05-16-0600,ALL,0.8942,10651,1127,2559,2158,53,v2.0.0
2026-05-16,2026-05-16-1000,ALL,0.8949,10637,1118,2563,2157,49,v2.0.0
2026-05-16,2026-05-16-1400,ALL,0.9005,10602,1055,2568,2165,45,v2.0.0
2026-05-16,2026-05-16-1800,ALL,0.898,10744,1096,2593,2209,50,v2.0.0
2026-05-17,2026-05-17-0600,ALL,0.9011,10769,1065,2591,2219,50,v2.0.0
2026-05-17,2026-05-17-1000,ALL,0.9025,10757,1049,2573,2210,48,v2.0.0
2026-05-17,2026-05-17-1400,ALL,0.8982,10820,1101,2600,2204,46,v2.0.0
2026-05-17,2026-05-17-1800,ALL,0.8891,10665,1183,2590,2163,50,v2.0.0
2026-05-18,2026-05-18-1000,ALL,0.8945,10787,1138,2620,2203,50,v2.0.0
2026-05-18,2026-05-18-1400,ALL,0.869,10744,1407,2614,2072,54,v2.0.0
2026-05-18,2026-05-18-1800,ALL,0.8683,10927,1439,2662,2107,54,v2.0.0
2026-05-19,2026-05-19-1000,ALL,0.8696,10886,1420,2649,2096,55,v2.0.0
2026-05-19,2026-05-19-1400,ALL,0.8609,10930,1520,2641,2069,61,v2.0.0
2026-05-19,2026-05-19-1800,ALL,0.8968,10801,1115,2627,2215,50,v2.0.0
2026-05-20,2026-05-20-1000,ALL,0.9034,10746,1038,2626,2225,45,v2.0.0
2026-05-20,2026-05-20-1400,ALL,0.8947,10634,1120,2604,2158,42,v2.0.0
2026-05-20,2026-05-20-1800,ALL,0.9161,11073,929,2725,2359,39,v2.0.0
2026-05-21,2026-05-21-1000,ALL,0.92,10964,877,2677,2341,36,v2.0.0
2026-05-21,2026-05-21-1400,ALL,0.9205,10975,872,2676,2341,39,v2.0.0
2026-05-21,2026-05-21-1800,ALL,0.9199,10793,864,2615,2282,35,v2.0.0
2026-05-22,2026-05-22-1000,ALL,0.9309,10769,744,2622,2350,32,v2.0.0
2026-05-22,2026-05-22-1400,ALL,0.9204,10633,846,2599,2275,34,v2.0.0
2026-05-22,2026-05-22-1800,ALL,0.9125,10667,933,2623,2272,42,v2.0.0
2026-05-23,2026-05-23-0600,ALL,0.9053,10639,1007,2633,2256,41,v2.0.0
2026-05-23,2026-05-23-1000,ALL,0.9067,10724,1001,2648,2269,41,v2.0.0
2026-05-23,2026-05-23-1400,ALL,0.8999,10615,1063,2632,2209,41,v2.0.0
2026-05-23,2026-05-23-1800,ALL,0.888,10856,1216,2661,2215,52,v2.0.0
2026-05-24,2026-05-24-0600,ALL,0.8904,10707,1174,2640,2226,56,v2.0.0
2026-05-24,2026-05-24-1000,ALL,0.9061,10736,1008,2658,2300,50,v2.0.0
2026-05-24,2026-05-24-1400,ALL,0.8997,10726,1076,2644,2244,45,v2.0.0
2026-05-24,2026-05-24-1800,ALL,0.8827,10896,1278,2676,2268,66,v2.0.0
2026-05-25,2026-05-25-1000,ALL,0.8838,10795,1254,2659,2242,64,v2.0.0
2026-05-25,2026-05-25-1400,ALL,0.884,10816,1255,2664,2236,61,v2.0.0
2026-05-25,2026-05-25-1800,ALL,0.8861,10823,1233,2663,2232,57,v2.0.0
2026-05-26,2026-05-26-1000,ALL,0.8999,10931,1094,2680,2307,55,v2.0.0
2026-05-26,2026-05-26-1400,ALL,0.8971,11064,1138,2708,2333,52,v2.0.0
2026-05-26,2026-05-26-1800,ALL,0.9057,11116,1048,2739,2388,51,v2.0.0
2026-05-27,2026-05-27-1000,ALL,0.9231,11281,868,2757,2456,39,v2.0.0
2026-05-27,2026-05-27-1400,ALL,0.9362,10942,698,2708,2470,32,v2.0.0
2026-05-27,2026-05-27-1800,ALL,0.9455,11051,602,2717,2514,31,v2.0.0
2026-05-28,2026-05-28-1000,ALL,0.9528,10974,518,2711,2532,26,v2.0.0
2026-05-28,2026-05-28-1400,ALL,0.9551,10855,487,2706,2534,24,v2.0.0
2026-05-28,2026-05-28-1800,ALL,0.9592,10823,442,2678,2541,21,v2.0.0
2026-05-29,2026-05-29-1000,ALL,0.9664,10772,362,2676,2543,15,v2.0.0
2026-05-29,2026-05-29-1400,ALL,0.9596,10820,437,2677,2546,27,v2.0.0
2026-05-29,2026-05-29-1800,ALL,0.9422,10898,630,2687,2476,29,v2.0.0
2026-05-30,2026-05-30-0600,ALL,0.9361,10782,689,2662,2433,37,v2.0.0
2026-05-30,2026-05-30-1000,ALL,0.9224,10756,835,2669,2367,41,v2.0.0
2026-05-30,2026-05-30-1400,ALL,0.9091,10751,977,2665,2309,45,v2.0.0
2026-05-30,2026-05-30-1800,ALL,0.8947,10773,1134,2676,2248,52,v2.0.0
2026-05-31,2026-05-31-0600,ALL,0.887,10960,1238,2708,2256,62,v2.0.0
2026-05-31,2026-05-31-1000,ALL,0.896,11108,1155,2721,2306,57,v2.0.0
2026-05-31,2026-05-31-1400,ALL,0.8798,10951,1316,2700,2230,65,v2.0.0
2026-05-31,2026-05-31-1800,ALL,0.8702,10794,1401,2692,2209,77,v2.0.0
2026-06-01,2026-06-01-0600,ALL,0.8907,10831,1184,2691,2263,61,v2.0.0
2026-06-01,2026-06-01-1000,ALL,0.8876,10931,1229,2707,2268,64,v2.0.0
2026-06-01,2026-06-01-1400,ALL,0.8783,10982,1336,2715,2232,71,v2.0.0
2026-06-01,2026-06-01-1800,ALL,0.8617,10937,1513,2699,2155,78,v2.0.0
2026-06-02,2026-06-02-0600,ALL,0.8577,11005,1566,2710,2166,80,v2.0.0
2026-06-02,2026-06-02-1000,ALL,0.8713,11011,1417,2706,2150,64,v2.0.0
2026-06-02,2026-06-02-1400,ALL,0.8626,10926,1501,2705,2110,65,v2.0.0
2026-06-02,2026-06-02-1800,ALL,0.8433,11009,1725,2721,2102,87,v2.0.0
2026-06-03,2026-06-03-0600,ALL,0.8498,10951,1645,2709,2130,84,v2.0.0
2026-06-03,2026-06-03-1000,ALL,0.851,11045,1646,2718,2152,87,v2.0.0
2026-06-03,2026-06-03-1400,ALL,0.8556,11236,1623,2758,2172,82,v2.0.0
2026-06-03,2026-06-03-1800,ALL,0.8536,11264,1649,2759,2160,81,v2.0.0
2026-06-04,2026-06-04-1000,ALL,0.851,11411,1700,2785,2204,89,v2.0.0
2026-06-04,2026-06-04-1400,ALL,0.8386,11241,1814,2757,2115,92,v2.0.0
2026-06-04,2026-06-04-1800,ALL,0.8413,11295,1793,2767,2121,88,v2.0.0
2026-06-05,2026-06-05-1000,ALL,0.8443,11115,1731,2733,2125,87,v2.0.0
2026-06-05,2026-06-05-1400,ALL,0.8413,11255,1786,2744,2117,88,v2.0.0
2026-06-05,2026-06-05-1800,ALL,0.8228,11203,1985,2745,2005,91,v2.0.0
2026-06-06,2026-06-06-0600,ALL,0.8114,11153,2103,2702,1941,99,v2.0.0
2026-06-06,2026-06-06-1000,ALL,0.8146,11184,2074,2732,1979,96,v2.0.0
2026-06-06,2026-06-06-1400,ALL,0.8026,11233,2217,2735,1884,97,v2.0.0
2026-06-06,2026-06-06-1800,ALL,0.7831,11132,2414,2717,1834,113,v2.0.0
2026-06-07,2026-06-07-0600,ALL,0.7721,11301,2575,2758,1873,138,v2.0.0
2026-06-07,2026-06-07-1000,ALL,0.7676,11353,2639,2772,1848,131,v2.0.0
2026-06-07,2026-06-07-1400,ALL,0.7627,11349,2693,2769,1797,132,v2.0.0
2026-06-07,2026-06-07-1800,ALL,0.7273,11249,3068,2776,1709,156,v2.0.0
2026-06-08,2026-06-08-0600,ALL,0.7589,11368,2741,2771,1783,134,v2.0.0
2026-06-08,2026-06-08-1000,ALL,0.781,11349,2485,2791,1866,120,v2.0.0
2026-06-08,2026-06-08-1400,ALL,0.7723,11494,2617,2808,1839,120,v2.0.0
2026-06-08,2026-06-08-1800,ALL,0.783,11546,2505,2830,1889,108,v2.0.0
2026-06-09,2026-06-09-1000,ALL,0.7889,11564,2441,2842,1915,107,v2.0.0
2026-06-09,2026-06-09-1400,ALL,0.7592,11396,2744,2812,1798,123,v2.0.0
2026-06-09,2026-06-09-1800,ALL,0.7704,11252,2583,2778,1797,112,v2.0.0
2026-06-10,2026-06-10-1000,ALL,0.7579,11276,2730,2786,1798,127,v2.0.0
2026-06-10,2026-06-10-1400,ALL,0.7712,11419,2613,2801,1829,121,v2.0.0
2026-06-10,2026-06-10-1800,ALL,0.7591,11376,2740,2797,1792,125,v2.0.0
2026-06-11,2026-06-11-0600,ALL,0.7555,11229,2745,2788,1775,126,v2.0.0
2026-06-11,2026-06-11-1000,ALL,0.7612,11250,2687,2774,1818,135,v2.0.0
2026-06-11,2026-06-11-1400,ALL,0.7619,11331,2698,2776,1789,130,v2.0.0
2026-06-11,2026-06-11-1800,ALL,0.7557,11409,2787,2807,1774,129,v2.0.0
2026-06-12,2026-06-12-1000,ALL,0.7457,11407,2901,2808,1764,131,v2.0.0
2026-06-12,2026-06-12-1400,ALL,0.7448,11462,2925,2806,1749,131,v2.0.0
2026-06-13,2026-06-13-0600,ALL,0.743,11364,2920,2774,1733,140,v2.0.0
2026-06-13,2026-06-13-1000,ALL,0.7325,11406,3051,2808,1734,149,v2.0.0
2026-06-13,2026-06-13-1400,ALL,0.7275,11309,3082,2791,1693,148,v2.0.0
2026-06-14,2026-06-14-0600,ALL,0.7161,11441,3248,2799,1670,158,v2.0.0
2026-06-14,2026-06-14-1000,ALL,0.7195,11386,3194,2789,1667,158,v2.0.0
2026-06-14,2026-06-14-1400,ALL,0.7095,11437,3323,2813,1624,157,v2.0.0
2026-06-15,2026-06-15-0600,ALL,0.7158,11468,3259,2814,1648,149,v2.0.0
2026-06-15,2026-06-15-1400,ALL,0.9184,245,20,47,34,0,v2.0.0
2026-06-16,2026-06-16-0600,ALL,0.9394,264,16,49,38,0,v2.0.0
2026-06-16,2026-06-16-1400,ALL,0.9027,226,22,43,34,1,v2.0.0
2026-06-17,2026-06-17-0600,ALL,0.917,265,22,48,39,1,v2.0.0
2026-06-17,2026-06-17-1000,ALL,0.9032,217,21,43,36,1,v2.0.0
2026-06-17,2026-06-17-1400,ALL,0.8953,277,29,49,38,1,v2.0.0
2026-06-18,2026-06-18-1000,ALL,0.7715,11193,2558,2771,1833,119,v2.0.0
2026-06-18,2026-06-18-1400,ALL,0.7615,11285,2692,2771,1814,132,v2.0.0
2026-06-19,2026-06-19-0600,ALL,0.7657,11283,2644,2776,1830,114,v2.0.0
2026-06-19,2026-06-19-1000,ALL,0.7673,11332,2637,2791,1831,112,v2.0.0
2026-06-19,2026-06-19-1400,ALL,0.7691,11187,2583,2775,1821,108,v2.0.0
2026-06-19,2026-06-19-1800,ALL,0.7515,11103,2759,2760,1797,121,v2.0.0
2026-06-20,2026-06-20-0600,ALL,0.7612,11187,2672,2780,1830,121,v2.0.0
2026-06-20,2026-06-20-1400,ALL,0.7531,11015,2720,2756,1770,119,v2.0.0
2026-06-21,2026-06-21-0600,ALL,0.7631,11214,2657,2768,1795,108,v2.0.0
2026-06-21,2026-06-21-1400,ALL,0.76,11306,2714,2785,1763,112,v2.0.0
2026-06-22,2026-06-22-0600,ALL,0.7554,11313,2767,2786,1809,119,v2.0.0
2026-06-22,2026-06-22-1000,ALL,0.7679,11154,2589,2761,1840,113,v2.0.0
2026-06-22,2026-06-22-1400,ALL,0.7687,11148,2579,2763,1822,108,v2.0.0
2026-06-26,2026-06-26-0600,ALL,0.8359,5917,971,1136,853,56,v2.0.0
2026-06-26,2026-06-26-1000,ALL,0.8192,5797,1048,1112,811,64,v2.0.0
2026-06-26,2026-06-26-1400,ALL,0.8238,5873,1035,1127,826,63,v2.0.0
2026-06-26,2026-06-26-1800,ALL,0.8043,5943,1163,1140,798,67,v2.0.0
2026-06-27,2026-06-27-0600,ALL,0.8053,5815,1132,1124,809,67,v2.0.0
2026-06-27,2026-06-27-1000,ALL,0.8116,5961,1123,1141,823,69,v2.0.0
2026-06-27,2026-06-27-1400,ALL,0.7954,6006,1229,1139,813,77,v2.0.0
2026-06-27,2026-06-27-1800,ALL,0.8169,5925,1085,1139,824,63,v2.0.0
2026-06-28,2026-06-28-0600,ALL,0.7889,6035,1274,1145,821,89,v2.0.0
2026-06-28,2026-06-28-1000,ALL,0.7993,5953,1195,1141,825,77,v2.0.0
2026-06-28,2026-06-28-1400,ALL,0.803,5995,1181,1143,820,75,v2.0.0
2026-06-28,2026-06-28-1800,ALL,0.7795,5941,1310,1151,793,85,v2.0.0
2026-06-29,2026-06-29-0600,ALL,0.8016,6032,1197,1148,825,78,v2.0.0
2026-06-29,2026-06-29-1000,ALL,0.8263,5980,1039,1147,868,67,v2.0.0
2026-06-29,2026-06-29-1400,ALL,0.8336,5847,973,1129,831,52,v2.0.0
2026-06-29,2026-06-29-1800,ALL,0.7931,5876,1216,1129,773,71,v2.0.0
2026-06-30,2026-06-30-0600,ALL,0.8131,5815,1087,1116,822,66,v2.0.0
2026-06-30,2026-06-30-1000,ALL,0.8187,5699,1033,1093,818,68,v2.0.0
2026-06-30,2026-06-30-1400,ALL,0.8175,5561,1015,1092,791,56,v2.0.0
2026-06-30,2026-06-30-1800,ALL,0.8196,5655,1020,1104,792,56,v2.0.0
2026-07-01,2026-07-01-0600,ALL,0.8272,5803,1003,1135,853,60,v2.0.0
2026-07-01,2026-07-01-1000,ALL,0.8094,5839,1113,1146,830,69,v2.0.0
2026-07-01,2026-07-01-1400,ALL,0.798,5910,1194,1158,814,75,v2.0.0
2026-07-01,2026-07-01-1800,ALL,0.7929,5856,1213,1145,792,72,v2.0.0
2026-07-02,2026-07-02-0600,ALL,0.8085,5839,1118,1149,813,69,v2.0.0
2026-07-02,2026-07-02-1000,ALL,0.8164,5943,1091,1160,837,66,v2.0.0
2026-07-02,2026-07-02-1400,ALL,0.8118,5867,1104,1136,821,67,v2.0.0
2026-07-02,2026-07-02-1800,ALL,0.79,6001,1260,1161,803,78,v2.0.0
2026-07-03,2026-07-03-0600,ALL,0.7938,5825,1201,1135,800,78,v2.0.0
2026-07-03,2026-07-03-1000,ALL,0.8089,5714,1092,1119,806,64,v2.0.0
2026-07-03,2026-07-03-1400,ALL,0.7965,5808,1182,1123,791,73,v2.0.0
2026-07-03,2026-07-03-1800,ALL,0.7943,5874,1208,1135,783,71,v2.0.0
2026-07-04,2026-07-04-0600,ALL,0.8139,5883,1095,1142,828,69,v2.0.0
2026-07-04,2026-07-04-1000,ALL,0.8054,5811,1131,1143,791,62,v2.0.0
2026-07-04,2026-07-04-1400,ALL,0.8091,5915,1129,1146,806,65,v2.0.0
2026-07-04,2026-07-04-1800,ALL,0.8002,5907,1180,1148,799,69,v2.0.0
2026-07-05,2026-07-05-0600,ALL,0.7745,5866,1323,1141,747,74,v2.0.0
2026-07-05,2026-07-05-1000,ALL,0.7741,5897,1332,1152,753,73,v2.0.0
2026-07-05,2026-07-05-1400,ALL,0.7759,5872,1316,1156,787,83,v2.0.0
2026-07-05,2026-07-05-1800,ALL,0.7594,5885,1416,1154,735,79,v2.0.0
2026-07-06,2026-07-06-0600,ALL,0.8165,5778,1060,1126,792,56,v2.0.0
2026-07-06,2026-07-06-1000,ALL,0.7913,5942,1240,1148,781,67,v2.0.0
2026-07-06,2026-07-06-1400,ALL,0.7803,5866,1289,1142,765,74,v2.0.0
2026-07-06,2026-07-06-1800,ALL,0.7738,5934,1342,1144,737,71,v2.0.0
2026-07-07,2026-07-07-0600,ALL,0.808,5833,1120,1134,795,61,v2.0.0
2026-07-07,2026-07-07-1000,ALL,0.8017,5975,1185,1145,799,65,v2.0.0
2026-07-07,2026-07-07-1400,ALL,0.8045,5984,1170,1157,818,71,v2.0.0
2026-07-07,2026-07-07-1800,ALL,0.7835,5949,1288,1155,777,68,v2.0.0
2026-07-08,2026-07-08-0600,ALL,0.8154,5947,1098,1157,823,59,v2.0.0
2026-07-08,2026-07-08-1000,ALL,0.8172,5904,1079,1153,815,56,v2.0.0
2026-07-08,2026-07-08-1400,ALL,0.8179,5909,1076,1144,840,62,v2.0.0
2026-07-08,2026-07-08-1800,ALL,0.8095,5802,1105,1135,802,58,v2.0.0
2026-07-09,2026-07-09-0600,ALL,0.8427,5784,910,1145,836,46,v2.0.0
2026-07-09,2026-07-09-1000,ALL,0.85,5886,883,1154,855,42,v2.0.0
2026-07-09,2026-07-09-1400,ALL,0.8273,5907,1020,1156,845,58,v2.0.0
2026-07-09,2026-07-09-1800,ALL,0.8211,5960,1066,1154,820,57,v2.0.0
2026-07-10,2026-07-10-0600,ALL,0.815,5817,1076,1135,811,55,v2.0.0
2026-07-10,2026-07-10-1000,ALL,0.8253,5942,1038,1159,850,51,v2.0.0
2026-07-10,2026-07-10-1400,ALL,0.85,5780,867,1143,861,44,v2.0.0
2026-07-10,2026-07-10-1800,ALL,0.8297,5779,984,1152,832,49,v2.0.0
2026-07-11,2026-07-11-0600,ALL,0.8026,5979,1180,1173,836,63,v2.0.0
2026-07-11,2026-07-11-1000,ALL,0.8078,5800,1115,1140,808,62,v2.0.0
2026-07-11,2026-07-11-1400,ALL,0.7973,5950,1206,1160,801,64,v2.0.0
2026-07-11,2026-07-11-1800,ALL,0.7959,5986,1222,1173,815,67,v2.0.0
2026-07-12,2026-07-12-0600,ALL,0.7842,6056,1307,1170,804,73,v2.0.0
2026-07-12,2026-07-12-1000,ALL,0.781,5999,1314,1171,779,70,v2.0.0
2026-07-12,2026-07-12-1400,ALL,0.7837,5932,1283,1166,791,72,v2.0.0
2026-07-12,2026-07-12-1800,ALL,0.7786,6049,1339,1184,803,71,v2.0.0
2026-07-13,2026-07-13-0600,ALL,0.807,6078,1173,1189,841,65,v2.0.0
2026-07-13,2026-07-13-1000,ALL,0.8114,6003,1132,1178,836,56,v2.0.0
2026-07-13,2026-07-13-1400,ALL,0.8158,5984,1102,1175,820,52,v2.0.0
2026-07-13,2026-07-13-1800,ALL,0.7982,6020,1215,1168,794,63,v2.0.0
2026-07-14,2026-07-14-0600,ALL,0.8253,5840,1020,1145,825,49,v2.0.0
2026-07-14,2026-07-14-1000,ALL,0.8241,5880,1034,1147,828,51,v2.0.0
2026-07-14,2026-07-14-1400,ALL,0.8238,6020,1061,1172,854,57,v2.0.0
2026-07-14,2026-07-14-1800,ALL,0.8048,5953,1162,1161,814,63,v2.0.0
2026-07-15,2026-07-15-0600,ALL,0.8098,5742,1092,1133,791,54,v2.2.0
2026-07-15,2026-07-15-1000,ALL,0.8238,5767,1016,1131,831,55,v2.2.0
2026-07-15,2026-07-15-1400,ALL,0.8189,5793,1049,1136,816,56,v2.2.0
2026-07-15,2026-07-15-1800,ALL,0.8059,5929,1151,1165,806,60,v2.2.0
2026-07-16,2026-07-16-0600,ALL,0.8148,6036,1118,1187,841,58,v2.2.0
2026-07-16,2026-07-16-1000,ALL,0.8073,5931,1143,1169,814,55,v2.2.0
2026-07-16,2026-07-16-1400,ALL,0.8066,6009,1162,1180,817,56,v2.2.0
2026-07-16,2026-07-16-1800,ALL,0.8035,6121,1203,1201,825,61,v2.2.0
2026-07-17,2026-07-17-0600,ALL,0.8017,6093,1208,1191,824,65,v2.2.0
2026-07-17,2026-07-17-1000,ALL,0.8178,6060,1104,1193,854,58,v2.2.0
2026-07-17,2026-07-17-1400,ALL,0.8248,6126,1073,1198,879,58,v2.2.0
2026-07-17,2026-07-17-1800,ALL,0.7944,6124,1259,1197,832,71,v2.2.0
2026-07-18,2026-07-18-0600,ALL,0.8008,6088,1213,1192,832,66,v2.2.0
2026-07-18,2026-07-18-1000,ALL,0.7878,6149,1305,1201,815,76,v2.2.0
2026-07-18,2026-07-18-1400,ALL,0.7867,6049,1290,1183,799,73,v2.2.0
2026-07-18,2026-07-18-1800,ALL,0.7776,6120,1361,1190,796,73,v2.2.0
2026-07-19,2026-07-19-0600,ALL,0.8169,6107,1118,1193,841,53,v2.2.0
2026-07-19,2026-07-19-1000,ALL,0.7905,5966,1250,1172,800,65,v2.2.0
2026-07-19,2026-07-19-1400,ALL,0.8117,6074,1144,1190,845,65,v2.2.0
2026-07-19,2026-07-19-1800,ALL,0.8026,6070,1198,1184,816,67,v2.2.0
2026-07-20,2026-07-20-0600,ALL,0.7906,5908,1237,1162,798,66,v2.2.0
2026-07-20,2026-07-20-1000,ALL,0.8095,5870,1118,1156,815,60,v2.2.0
2026-07-20,2026-07-20-1400,ALL,0.8043,5964,1167,1172,832,64,v2.2.0
2026-07-20,2026-07-20-1800,ALL,0.8035,5838,1147,1145,793,62,v2.2.0
2026-07-21,2026-07-21-0600,ALL,0.819,5982,1083,1167,820,57,v2.2.0
2026-07-21,2026-07-21-1000,ALL,0.8202,6035,1085,1178,847,59,v2.2.0
2026-07-21,2026-07-21-1400,ALL,0.8051,5931,1156,1157,820,66,v2.2.0
2026-07-21,2026-07-21-1800,ALL,0.7857,5958,1277,1160,778,70,v2.2.0
2026-07-22,2026-07-22-0600,ALL,0.8035,5935,1166,1162,810,60,v2.2.1
2026-07-22,2026-07-22-1000,ALL,0.8082,5965,1144,1159,805,60,v2.2.1
2026-07-22,2026-07-22-1400,ALL,0.8136,5945,1108,1183,845,58,v2.2.1
2026-07-22,2026-07-22-1800,ALL,0.8142,5980,1111,1185,836,59,v2.2.1
2026-07-23,2026-07-23-0600,ALL,0.7939,5916,1219,1178,803,68,v2.2.1
2026-07-23,2026-07-23-1000,ALL,0.7768,5815,1298,1152,780,78,v2.2.1
2026-07-23,2026-07-23-1400,ALL,0.7833,5875,1273,1162,794,68,v2.2.1
2026-07-23,2026-07-23-1800,ALL,0.7978,5906,1194,1168,792,56,v2.2.1
2026-07-24,2026-07-24-0600,ALL,0.8184,5980,1086,1198,867,58,v2.2.1
2026-07-24,2026-07-24-1000,ALL,0.8203,5886,1058,1182,820,51,v2.2.1
2026-07-24,2026-07-24-1400,ALL,0.8202,6051,1088,1189,832,54,v2.2.1
2026-07-24,2026-07-24-1800,ALL,0.7895,5949,1252,1179,794,69,v2.2.1
2026-07-25,2026-07-25-0600,ALL,0.8195,5889,1063,1154,822,52,v2.2.1
2026-07-25,2026-07-25-1000,ALL,0.8225,5994,1064,1181,831,53,v2.2.1
2026-07-25,2026-07-25-1400,ALL,0.8228,5986,1061,1169,817,51,v2.2.1
2026-07-25,2026-07-25-1800,ALL,0.8052,5910,1151,1144,772,56,v2.2.1
2026-07-26,2026-07-26-0600,ALL,0.8073,5963,1149,1179,808,54,v2.2.1
2026-07-26,2026-07-26-1000,ALL,0.8051,5940,1158,1172,816,62,v2.2.1
2026-07-26,2026-07-26-1400,ALL,0.7989,5951,1197,1177,805,62,v2.2.1
2026-07-26,2026-07-26-1800,ALL,0.8097,6017,1145,1179,832,58,v2.2.1
2026-07-27,2026-07-27-0600,ALL,0.8163,5946,1092,1159,828,59,v2.2.1
2026-07-27,2026-07-27-1000,ALL,0.8423,6031,951,1181,869,49,v2.2.1
2026-07-27,2026-07-27-1400,ALL,0.8331,6065,1012,1192,859,46,v2.2.1
2026-07-27,2026-07-27-1800,ALL,0.8106,6060,1148,1185,826,56,v2.2.1
2026-07-28,2026-07-28-0600,ALL,0.8198,5971,1076,1165,820,50,v2.2.1
2026-07-28,2026-07-28-1000,ALL,0.8294,5957,1016,1175,846,45,v2.2.1
2026-07-28,2026-07-28-1400,ALL,0.8307,5949,1007,1156,858,52,v2.2.1
2026-07-28,2026-07-28-1800,ALL,0.8119,5873,1105,1151,794,52,v2.2.1
2026-07-29,2026-07-29-0600,ALL,0.8185,5935,1077,1162,827,51,v2.2.1
2026-07-29,2026-07-29-1000,ALL,0.8072,5979,1153,1172,814,58,v2.2.1
2026-07-29,2026-07-29-1400,ALL,0.7957,6123,1251,1197,812,61,v2.2.1
2026-07-29,2026-07-29-1800,ALL,0.797,6070,1232,1189,822,61,v2.2.1
2026-07-30,2026-07-30-0600,ALL,0.8043,6008,1176,1178,838,65,v2.2.1
2026-07-30,2026-07-30-1000,ALL,0.8274,5833,1007,1158,838,51,v2.2.1
2026-07-30,2026-07-30-1400,ALL,0.8103,5947,1128,1175,821,58,v2.2.1
2026-07-30,2026-07-30-1800,ALL,0.7967,5904,1200,1165,778,61,v2.2.1
2026-07-31,2026-07-31-0600,ALL,0.8094,5997,1143,1182,829,60,v2.2.1
2026-07-31,2026-07-31-1000,ALL,0.8256,6022,1050,1193,859,56,v2.2.1
2026-07-31,2026-07-31-1400,ALL,0.8195,5907,1066,1173,835,60,v2.2.1
2026-07-31,2026-07-31-1800,ALL,0.7741,5944,1343,1181,768,73,v2.2.1
2026-08-01,2026-08-01-0600,ALL,0.7839,5895,1274,1158,773,69,v2.2.1
2026-08-01,2026-08-01-1000,ALL,0.7856,5830,1250,1155,774,68,v2.2.1
2026-08-01,2026-08-01-1400,ALL,0.783,5792,1257,1169,778,69,v2.2.1
2026-08-01,2026-08-01-1800,ALL,0.7801,5906,1299,1170,767,65,v2.2.1
2026-08-02,2026-08-02-0600,ALL,0.7982,6059,1223,1189,798,64,v2.2.1
2026-08-02,2026-08-02-1000,ALL,0.7784,5921,1312,1180,765,69,v2.2.1
2026-08-02,2026-08-02-1400,ALL,0.7777,6123,1361,1199,771,72,v2.2.1
2026-08-02,2026-08-02-1800,ALL,0.8087,5986,1145,1197,815,56,v2.2.1
2026-08-03,2026-08-03-0600,ALL,0.833,6114,1021,1193,882,61,v2.2.1
2026-08-03,2026-08-03-1000,ALL,0.8138,6068,1130,1194,836,64,v2.2.1
2026-08-03,2026-08-03-1400,ALL,0.8007,6102,1216,1190,826,71,v2.2.1
2026-08-03,2026-08-03-1800,ALL,0.8165,6115,1122,1205,831,52,v2.2.1
2026-08-04,2026-08-04-0600,ALL,0.8093,6171,1177,1196,829,60,v2.2.1
2026-08-04,2026-08-04-1000,ALL,0.8207,6086,1091,1171,843,65,v2.2.1
2026-08-04,2026-08-04-1400,ALL,0.81,5975,1135,1182,821,61,v2.2.1
2026-08-04,2026-08-04-1800,ALL,0.8156,6075,1120,1197,850,62,v2.2.1
2026-08-05,2026-08-05-0600,ALL,0.8106,5997,1136,1176,826,68,v2.2.1
2026-08-05,2026-08-05-1000,ALL,0.8102,6076,1153,1191,834,68,v2.2.1
2026-08-05,2026-08-05-1400,ALL,0.8221,6014,1070,1177,840,61,v2.2.1
2026-08-05,2026-08-05-1800,ALL,0.7974,6060,1228,1186,815,70,v2.2.1
2026-08-06,2026-08-06-0600,ALL,0.8133,5901,1102,1168,828,61,v2.2.1
2026-08-06,2026-08-06-1400,ALL,0.8177,5898,1075,1164,829,56,v2.2.1
2026-08-06,2026-08-06-1800,ALL,0.7879,5921,1256,1173,787,69,v2.2.1
2026-08-07,2026-08-07-0600,ALL,0.7941,6004,1236,1184,816,74,v2.2.1
2026-08-07,2026-08-07-1000,ALL,0.8029,5935,1170,1178,819,63,v2.2.1
2026-08-07,2026-08-07-1400,ALL,0.7947,5982,1228,1184,810,70,v2.2.1
2026-08-07,2026-08-07-1800,ALL,0.7944,5889,1211,1168,785,63,v2.2.1
2026-08-08,2026-08-08-0600,ALL,0.7955,6029,1233,1190,812,66,v2.2.1
2026-08-08,2026-08-08-1000,ALL,0.792,6048,1258,1189,800,72,v2.2.1
2026-08-08,2026-08-08-1400,ALL,0.7903,6114,1282,1201,795,73,v2.2.1
2026-08-08,2026-08-08-1800,ALL,0.8019,6002,1189,1179,792,64,v2.2.1
2026-08-09,2026-08-09-0600,ALL,0.8036,6024,1183,1177,825,66,v2.2.1
2026-08-09,2026-08-09-1000,ALL,0.8029,6069,1196,1192,848,83,v2.2.1
2026-08-09,2026-08-09-1400,ALL,0.7967,5991,1218,1174,811,69,v2.2.1
2026-08-09,2026-08-09-1800,ALL,0.7876,6079,1291,1191,797,76,v2.2.1
2026-08-10,2026-08-10-0600,ALL,0.7922,6026,1252,1182,812,81,v2.2.1
2026-08-10,2026-08-10-1000,ALL,0.8058,6050,1175,1179,826,70,v2.2.1
2026-08-10,2026-08-10-1400,ALL,0.8284,2692,462,589,429,28,v2.2.1
2026-08-10,2026-08-10-1800,ALL,0.8358,2819,463,606,440,25,v2.2.1
2026-08-11,2026-08-11-0600,ALL,0.8785,2798,340,599,475,18,v2.2.1
2026-08-11,2026-08-11-1000,ALL,0.8679,2794,369,606,468,20,v2.2.1
2026-08-11,2026-08-11-1400,ALL,0.8545,2818,410,611,463,21,v2.2.1
2026-08-11,2026-08-11-1800,ALL,0.8427,2740,431,596,431,21,v2.2.1
2026-08-12,2026-08-12-0600,ALL,0.8569,2740,392,607,448,17,v2.2.1
2026-08-12,2026-08-12-1000,ALL,0.866,2754,369,609,467,16,v2.2.1
2026-08-12,2026-08-12-1400,ALL,0.855,2704,392,599,461,19,v2.2.1
2026-08-12,2026-08-12-1800,ALL,0.8434,2708,424,595,439,21,v2.2.1
2026-08-13,2026-08-13-0600,ALL,0.844,2653,414,598,446,23,v2.2.1
2026-08-13,2026-08-13-1000,ALL,0.8694,2711,354,602,465,16,v2.2.1
2026-08-13,2026-08-13-1400,ALL,0.872,2757,353,601,468,17,v2.2.1
2026-08-13,2026-08-13-1800,ALL,0.8721,2689,344,597,469,16,v2.2.1
2026-08-14,2026-08-14-0600,ALL,0.8513,2676,398,604,444,14,v2.2.1
2026-08-14,2026-08-14-1000,ALL,0.8674,2745,364,602,468,16,v2.2.1
2026-08-14,2026-08-14-1400,ALL,0.8475,2709,413,594,432,18,v2.2.1
2026-08-14,2026-08-14-1800,ALL,0.8386,2608,421,582,419,19,v2.2.1
2026-08-15,2026-08-15-0600,ALL,0.8555,2582,373,588,426,15,v2.2.1
2026-08-15,2026-08-15-1000,ALL,0.8421,2667,421,580,412,17,v2.2.1
2026-08-15,2026-08-15-1400,ALL,0.8371,2584,421,566,403,19,v2.2.1
2026-08-15,2026-08-15-1800,ALL,0.8362,2546,417,567,403,16,v2.2.1
2026-08-16,2026-08-16-0600,ALL,0.8408,2595,413,579,410,14,v2.2.1
2026-08-16,2026-08-16-1000,ALL,0.8604,2664,372,578,434,16,v2.2.1
2026-08-16,2026-08-16-1400,ALL,0.8594,2652,373,572,418,13,v2.2.1
2026-08-16,2026-08-16-1800,ALL,0.8748,2611,327,566,421,11,v2.2.1
2026-08-17,2026-08-17-0600,ALL,0.8967,2681,277,571,439,7,v2.2.1
2026-08-17,2026-08-17-1000,ALL,0.8844,2655,307,575,425,8,v2.2.1
2026-08-17,2026-08-17-1400,ALL,0.8857,2677,306,579,447,9,v2.2.1
2026-08-17,2026-08-17-1800,ALL,0.8767,2733,337,591,448,14,v2.2.1
2026-08-18,2026-08-18-0600,ALL,0.8952,2606,273,581,459,11,v2.3.0
2026-08-18,2026-08-18-1000,ALL,0.8839,2592,301,581,439,10,v2.3.0
2026-08-18,2026-08-18-1400,ALL,0.9002,2715,271,593,473,7,v2.3.0
2026-08-18,2026-08-18-1800,ALL,0.8852,2665,306,589,450,10,v2.3.0
2026-08-19,2026-08-19-0600,ALL,0.8984,2688,273,590,460,8,v2.3.1
2026-08-19,2026-08-19-1000,ALL,0.9058,2653,250,585,478,10,v2.3.1
2026-08-19,2026-08-19-1400,ALL,0.8981,2641,269,584,467,10,v2.3.1
2026-08-19,2026-08-19-1800,ALL,0.875,2705,338,593,445,14,v2.3.1
2026-08-20,2026-08-20-0600,ALL,0.8974,2563,263,581,461,10,v2.3.1
2026-08-20,2026-08-20-1000,ALL,0.8803,2539,304,578,444,12,v2.3.1
2026-08-20,2026-08-20-1400,ALL,0.8691,2521,330,585,453,14,v2.3.1
2026-08-20,2026-08-20-1800,ALL,0.8509,2609,389,586,436,19,v2.3.1
2026-08-21,2026-08-21-0600,ALL,0.9023,2724,266,597,470,7,v2.3.2
2026-08-21,2026-08-21-1000,ALL,0.8862,2645,301,588,460,12,v2.3.2
2026-08-21,2026-08-21-1400,ALL,0.862,2615,361,578,426,13,v2.3.2
2026-08-21,2026-08-21-1800,ALL,0.8531,2620,385,583,430,16,v2.3.2
2026-08-22,2026-08-22-0600,ALL,0.8598,2647,371,591,442,17,v2.3.2
2026-08-22,2026-08-22-1000,ALL,0.8773,2641,324,591,445,11,v2.3.2
2026-08-22,2026-08-22-1400,ALL,0.8626,2685,369,595,446,13,v2.3.2
2026-08-22,2026-08-22-1800,ALL,0.8574,2636,376,590,423,14,v2.3.2
2026-08-23,2026-08-23-0600,ALL,0.8429,2705,425,592,431,21,v2.3.2
2026-08-23,2026-08-23-1000,ALL,0.8679,2642,349,588,442,14,v2.3.2
2026-08-23,2026-08-23-1400,ALL,0.8722,2683,343,600,458,13,v2.3.2
2026-08-23,2026-08-23-1800,ALL,0.8369,2630,429,584,410,16,v2.3.2
2026-08-24,2026-08-24-0600,ALL,0.8672,2710,360,593,434,10,v2.3.2
2026-08-24,2026-08-24-1000,ALL,0.8955,2622,274,572,450,8,v2.3.2
2026-08-24,2026-08-24-1400,ALL,0.8776,2671,327,593,456,10,v2.3.2
2026-08-24,2026-08-24-1800,ALL,0.833,5873,981,1151,840,52,v2.3.2
2026-08-25,2026-08-25-0600,ALL,0.8205,5961,1070,1174,849,58,v2.3.2
2026-08-25,2026-08-25-1000,ALL,0.8244,5836,1025,1146,855,62,v2.3.2
2026-08-25,2026-08-25-1400,ALL,0.8178,5877,1071,1167,877,69,v2.3.2
2026-08-25,2026-08-25-1800,ALL,0.8123,5830,1094,1145,844,68,v2.3.2
2026-08-26,2026-08-26-0600,ALL,0.8277,5856,1009,1150,883,66,v2.3.2
2026-08-26,2026-08-26-1000,ALL,0.8583,5780,819,1143,894,45,v2.3.2
2026-08-26,2026-08-26-1400,ALL,0.8546,5865,853,1150,904,49,v2.3.2
2026-08-26,2026-08-26-1800,ALL,0.8364,5836,955,1150,878,55,v2.3.2
2026-08-27,2026-08-27-0600,ALL,0.8268,5882,1019,1163,858,57,v2.3.2
2026-08-27,2026-08-27-1000,ALL,0.848,5837,887,1168,890,50,v2.3.2
2026-08-27,2026-08-27-1400,ALL,0.8554,5948,860,1180,915,49,v2.3.2
2026-08-27,2026-08-27-1800,ALL,0.8367,5812,949,1164,870,52,v2.3.2
2026-08-28,2026-08-28-1000,ALL,0.8418,5931,938,1162,891,54,v2.3.2
2026-08-28,2026-08-28-1400,ALL,0.853,5903,868,1156,880,41,v2.3.2
2026-08-28,2026-08-28-1800,ALL,0.8365,5757,941,1144,853,51,v2.3.2
2026-08-29,2026-08-29-0600,ALL,0.7942,5821,1198,1143,799,74,v2.3.2
2026-08-29,2026-08-29-1000,ALL,0.8309,5785,978,1151,851,52,v2.3.2
2026-08-29,2026-08-29-1400,ALL,0.8608,5734,798,1140,864,36,v2.3.2
2026-08-29,2026-08-29-1800,ALL,0.8308,5810,983,1154,832,45,v2.3.2
2026-08-30,2026-08-30-0600,ALL,0.8385,5763,931,1143,839,44,v2.3.2
2026-08-30,2026-08-30-1000,ALL,0.8511,5835,869,1153,884,40,v2.3.2
2026-08-30,2026-08-30-1400,ALL,0.8628,5789,794,1143,882,38,v2.3.2
2026-08-30,2026-08-30-1800,ALL,0.8388,5769,930,1140,832,42,v2.3.2
