as_of_date,collected_at,collection_window_id,offer_id,machine_id,host_id,cluster_id,gpu_name,silicon_id,gpu_model,form_factor,num_gpus,gpu_frac,dph_total,min_bid,per_gpu_dph,is_bid,storage_cost_per_gb_mo,internet_down_cost_per_tb,internet_up_cost_per_tb,vram_cost_per_hour,dlperf,dlperf_per_dphtotal,total_flops,score,verification,reliability,rentable,rented,hosting_type,is_vm_deverified,inet_down_mbps,inet_up_mbps,static_ip,gpu_max_power_w,gpu_mem_bw_gbps,compute_cap,bw_nvlink_gbps,pci_gen,cpu_cores,cpu_ram_mb,disk_bw_mbps,disk_space_gb,geolocation,driver_version,duration_seconds
2026-09-15,2026-09-15T19:01:06.331172+00:00,2026-09-15-1400,50981314,150798,668007,,B200,b200-sxm-180gb,B200,SXM,1,1.0,3.7520833333333337,0.625,3.7520833333333337,False,0.18749999999999997,2.5,3.75,0.020942522592291627,509.8529617310624,135.88529796274844,59.559936,230.17941603932564,unverified,0.9400368,False,False,0,False,14931.4,8447.8,True,1000.0,6212.4,1000,900.0,5.0,26,362565,3590.194,9.399999999997362,"Australia, AU",570.148.08,298012.80347418785
2026-09-15,2026-09-15T19:01:06.331172+00:00,2026-09-15-1400,50255946,96942,379418,,B200,b200-sxm-180gb,B200,SXM,8,1.0,45.00208333333333,42.5,5.625260416666666,False,0.18749999999999997,0.125,3.75,0.031413783888437435,5007.159866867167,111.26506810315449,476.479488,261.75273001520395,verified,0.9954108,False,False,0,False,8658.9,3330.1,True,1000.0,6112.3,1000,956.25,5.0,192,2043912,42666.2,21228.42352228333,"Oregon, US",580.126.09,1238332.8034741879
2026-09-15,2026-09-15T19:01:06.331172+00:00,2026-09-15-1400,46826620,42781,224078,,B200,b200-sxm-180gb,B200,SXM,8,1.0,45.00208333333333,45.0,5.625260416666666,False,0.18749999999999997,1.25,1.25,0.031413783888437435,4735.8934386107885,105.23720432078045,476.479488,254.97240389463215,verified,0.9972433,False,False,1,False,4723.2,5502.9,False,1000.0,6148.7,1000,900.0,5.0,240,3095878,13926.4,42173.0,"Slovenia, SI",580.159.03,12276817.803474188
2026-09-15,2026-09-15T19:01:06.331172+00:00,2026-09-15-1400,36081036,56219,379418,,B200,b200-sxm-180gb,B200,SXM,4,0.5,22.502083333333335,21.25,5.625520833333334,False,0.18749999999999997,0.125,3.75,0.031413783888437435,1573.0684513996189,69.90768046216249,238.239744,184.72710814323557,verified,0.9991787,False,False,0,False,46250.7,3402.4,True,1000.0,6199.8,1000,0.0,5.0,192,1021956,42580.94,10583.48875837096,"Oregon, US",580.126.09,1238332.8034741879
2026-09-15,2026-09-15T19:01:06.331172+00:00,2026-09-15-1400,50255942,96942,379418,,B200,b200-sxm-180gb,B200,SXM,2,0.25,11.252083333333333,10.625,5.626041666666667,False,0.18749999999999997,0.125,3.75,0.031413783888437435,1323.8500301217125,117.65377049776374,119.119872,258.37151847297577,verified,0.9954108,False,False,0,False,8658.9,3330.1,True,1000.0,6112.3,1000,956.25,5.0,192,510978,42666.2,5307.105880570833,"Oregon, US",580.126.09,1238332.8034741879
2026-09-15,2026-09-15T19:01:06.331172+00:00,2026-09-15-1400,33945612,56167,379418,,B200,b200-sxm-180gb,B200,SXM,2,0.25,11.252083333333333,11.25,5.626041666666667,False,0.18749999999999997,0.125,3.75,0.031413783888437435,1055.2322461673918,93.78105501950529,119.119872,237.8968331129001,verified,0.9975962,False,False,0,False,24280.4,3544.2,True,1000.0,6209.1,1000,0.0,5.0,192,510978,40345.6,4404.5,"Oregon, US",580.126.09,1238332.8034741879
2026-09-15,2026-09-15T19:01:06.331172+00:00,2026-09-15-1400,33945622,56167,379418,,B200,b200-sxm-180gb,B200,SXM,1,0.125,5.627083333333333,5.3125,5.627083333333333,False,0.18749999999999997,0.125,3.75,0.031413783888437435,680.1459503964829,120.8700689338437,59.559936,310.57089606081666,verified,0.9975962,False,False,0,False,24280.4,3544.2,True,1000.0,6178.5,1000,0.0,5.0,192,255489,40345.6,2202.25,"Oregon, US",580.126.09,1238332.8034741879
2026-09-15,2026-09-15T19:01:06.331172+00:00,2026-09-15-1400,33945596,56166,379418,,B200,b200-sxm-180gb,B200,SXM,1,0.125,5.627083333333333,5.3125,5.627083333333333,False,0.18749999999999997,0.125,3.75,0.031413783888437435,680.5845443114987,120.94801231748218,59.559936,303.9041741056513,verified,0.9984838,False,False,0,False,9114.1,3809.6,True,1000.0,6207.0,1000,0.0,5.0,192,255489,37990.4,2108.0,"Oregon, US",580.126.09,1238332.8034741879
2026-09-15,2026-09-15T19:01:06.331172+00:00,2026-09-15-1400,50865660,150800,635532,,B200,b200-sxm-180gb,B200,SXM,1,1.0,5.635416666666667,5.625,5.635416666666667,False,0.9374999999999999,38.75,38.75,0.031413783888437435,509.8529617310624,90.47298396706468,59.559936,140.2370855187604,verified,0.9340629,False,False,0,False,13336.0,6534.1,True,1000.0,6171.9,1000,900.0,5.0,26,362565,4474.400000000001,1430.847163684877,"Australia, AU",595.91.07,15549060.691634417
2026-09-15,2026-09-15T19:01:06.331172+00:00,2026-09-15-1400,45108792,144195,260094,,B200,b200-sxm-180gb,B200,SXM,1,1.0,6.3270833333333325,10.0,6.3270833333333325,False,0.18749999999999997,0.0037119999999999996,0.0037119999999999996,0.03532305477233187,509.8529617310624,80.58262154458676,59.559936,205.05289052248136,verified,0.9974111,False,False,0,False,18748.8,9212.0,True,1000.0,6193.2,1000,0.0,5.0,26,362565,4333.0,2217.0,"Virginia, US",580.126.20,20128792.803474188
2026-09-15,2026-09-15T19:01:06.331172+00:00,2026-09-15-1400,44270821,143541,260094,,B200,b200-sxm-180gb,B200,SXM,1,1.0,6.708333333333333,16.25,6.708333333333333,False,0.18749999999999997,0.00125,0.00125,0.03745221123588152,509.8529617310624,76.00292597233229,59.559936,188.45679464710446,verified,0.9975196,False,False,0,False,16516.6,8835.9,True,1000.0,6189.7,1000,956.25,5.0,26,362565,4018.0,1273.4537035100361,"Virginia, US",580.126.20,19550632.803474188
2026-09-15,2026-09-15T19:01:06.331172+00:00,2026-09-15-1400,48533403,142617,260094,,B200,b200-sxm-180gb,B200,SXM,8,1.0,54.552083333333336,40.0,6.819010416666667,False,0.18749999999999997,0.0012799999999999999,0.0012799999999999999,0.03808048691365028,3497.0936212729457,64.10559244647752,476.479488,164.52783881804132,verified,0.9929833,False,False,0,False,21107.8,10823.1,False,1000.0,6175.4,1000,956.25,5.0,208,2923000,4247.0,15803.8,"Virginia, US",580.126.20,2106952.803474188
2026-09-15,2026-09-15T19:01:06.331172+00:00,2026-09-15-1400,51062218,107631,401572,,B200,b200-sxm-180gb,B200,SXM,8,1.0,59.00208333333334,47.0,7.375260416666667,False,0.18749999999999997,37.5,37.5,0.04118696109817353,5150.846488878685,87.29940025640933,476.479488,182.6038020067828,verified,0.9802282,False,False,0,False,23493.0,1981.6,False,1000.0,6069.5,1000,956.25,5.0,192,2043910,42944.560000000005,24900.1,", US",595.91.07,9256117.803474188
2026-09-15,2026-09-15T19:01:06.331172+00:00,2026-09-15-1400,51061814,137774,447869,,B200,b200-sxm-180gb,B200,SXM,8,1.0,59.01041666666667,47.0,7.376302083333334,False,0.9374999999999999,37.5,37.5,0.04118696109817353,5020.085732026659,85.0711792188101,476.479488,230.42947363706037,verified,0.995062,False,False,1,False,65009.3,12832.3,False,1000.0,6023.3,1000,900.0,5.0,192,2043907,35635.2,20051.886499818,", US",595.91.07,9257848.803474188
2026-09-15,2026-09-15T19:01:06.331172+00:00,2026-09-15-1400,51062162,138229,447869,,B200,b200-sxm-180gb,B200,SXM,8,1.0,59.01041666666667,47.0,7.376302083333334,False,0.9374999999999999,37.5,37.5,0.04118696109817353,5138.871349339652,87.08413937098085,476.479488,204.94445325921302,verified,0.998387,False,False,1,False,11187.2,1699.0,False,1000.0,6083.7,1000,900.0,5.0,192,2043907,43754.8,19358.1,", US",595.91.07,11936248.803474188
2026-09-15,2026-09-15T19:01:06.331172+00:00,2026-09-15-1400,51063238,81183,447869,,B200,b200-sxm-180gb,B200,SXM,8,1.0,59.01041666666667,47.0,7.376302083333334,False,0.9374999999999999,37.5,37.5,0.04118696109817353,5063.74663345115,85.81106386783942,476.479488,200.88320166134883,verified,0.977265,False,False,1,False,38496.7,7590.5,False,1000.0,6106.5,1000,956.25,5.0,192,2043907,36927.86,21446.1,", US",595.91.07,9257848.803474188
2026-09-15,2026-09-15T19:01:06.331172+00:00,2026-09-15-1400,51062142,138220,447869,,B200,b200-sxm-180gb,B200,SXM,8,1.0,59.01041666666667,47.0,7.376302083333334,False,0.9374999999999999,37.5,37.5,0.04118696109817353,5116.705582675984,86.70851472848975,476.479488,190.53401731966343,verified,0.9967196,False,False,1,False,8457.9,1216.2,False,1000.0,6042.9,1000,956.25,5.0,192,2043906,35225.6,21781.0,"India, IN",595.91.07,9257848.803474188
2026-09-15,2026-09-15T19:01:06.331172+00:00,2026-09-15-1400,51062285,107972,401572,,B200,b200-sxm-180gb,B200,SXM,8,1.0,59.01041666666667,47.0,7.376302083333334,False,0.9374999999999999,37.5,37.5,0.04118696109817353,5159.73186107933,87.43764495385977,476.479488,186.79932877037425,verified,0.9934586,False,False,0,False,10271.1,1394.4,False,1000.0,6148.4,1000,956.25,5.0,192,2043910,40550.0,1074.0,", US",595.71.05,9256117.803474188
2026-09-15,2026-09-15T19:01:06.331172+00:00,2026-09-15-1400,51062404,150404,401572,,B200,b200-sxm-180gb,B200,SXM,8,1.0,59.01041666666667,47.0,7.376302083333334,False,0.9374999999999999,37.5,37.5,0.04118696109817353,5005.1163258320275,84.81750525681811,476.479488,171.03474694825084,verified,0.9700252,False,False,0,False,15710.0,6732.7,True,1000.0,6113.4,1000,956.25,5.0,192,2043927,33900.380000000005,25195.850215150633,"California, US",595.91.07,9259005.803474188
2026-09-15,2026-09-15T19:01:06.331172+00:00,2026-09-15-1400,51062464,150415,401572,,B200,b200-sxm-180gb,B200,SXM,8,1.0,59.01041666666667,47.0,7.376302083333334,False,0.9374999999999999,37.5,37.5,0.04118696109817353,5177.215120511813,87.73391907663444,476.479488,152.65938781608415,verified,0.9608755,False,False,0,False,9910.9,3771.2,True,1000.0,6126.9,1000,956.25,5.0,192,2043927,37376.0,23478.1,"California, US",595.91.07,9259005.803474188
2026-09-15,2026-09-15T19:01:06.331172+00:00,2026-09-15-1400,51061941,137780,447869,,B200,b200-sxm-180gb,B200,SXM,4,0.5,29.51041666666667,23.5,7.377604166666668,False,0.9374999999999999,37.5,37.5,0.04118696109817353,2636.838987288729,89.3528213129961,238.239744,248.34601030104693,verified,0.997307,False,False,1,True,55545.1,12248.4,False,1000.0,6065.2,1000,900.0,5.0,192,1021953,33436.792,11633.0,", US",595.91.07,9257848.803474188
2026-09-15,2026-09-15T19:01:06.331172+00:00,2026-09-15-1400,51061856,137775,447869,,B200,b200-sxm-180gb,B200,SXM,4,0.5,29.51041666666667,23.5,7.377604166666668,False,0.9374999999999999,37.5,37.5,0.04118696109817353,2642.843586965444,89.55629521661933,238.239744,219.74049568224677,verified,0.9982951,False,False,1,False,12085.7,2427.7,False,1000.0,6156.2,1000,900.0,5.0,192,1021955,40038.4,11401.911358426425,", US",595.91.07,9257848.803474188
2026-09-15,2026-09-15T19:01:06.331172+00:00,2026-09-15-1400,51147490,137788,447869,,B200,b200-sxm-180gb,B200,SXM,4,0.5,29.51041666666667,23.5,7.377604166666668,False,0.9374999999999999,37.5,37.5,0.04118696109817353,2607.7730039297653,88.36788153097686,238.239744,207.91706561013933,verified,0.9942161,True,False,1,False,14301.0,2472.1,False,1000.0,6156.2,1000,900.0,5.0,192,1021955,40857.6,11604.05,", US",595.71.05,9257848.803474188
2026-09-15,2026-09-15T19:01:06.331172+00:00,2026-09-15-1400,51062286,107972,401572,,B200,b200-sxm-180gb,B200,SXM,4,0.5,29.51041666666667,23.5,7.377604166666668,False,0.9374999999999999,37.5,37.5,0.04118696109817353,2651.253189447778,89.84126586197905,238.239744,198.7486237766873,verified,0.9934586,False,False,0,False,10271.1,1394.4,False,1000.0,6148.4,1000,956.25,5.0,192,1021955,40550.0,537.0,", US",595.71.05,9256117.803474188
2026-09-15,2026-09-15T19:01:06.331172+00:00,2026-09-15-1400,51062143,138220,447869,,B200,b200-sxm-180gb,B200,SXM,4,0.5,29.51041666666667,23.5,7.377604166666668,False,0.9374999999999999,37.5,37.5,0.04118696109817353,2630.1053590548145,89.12464330012783,238.239744,194.86974120938925,verified,0.9967196,False,False,1,False,8457.9,1216.2,False,1000.0,6042.9,1000,956.25,5.0,192,1021953,35225.6,10890.5,"India, IN",595.91.07,9257848.803474188
2026-09-15,2026-09-15T19:01:06.331172+00:00,2026-09-15-1400,51062405,150404,401572,,B200,b200-sxm-180gb,B200,SXM,4,0.5,29.51041666666667,23.5,7.377604166666668,False,0.9374999999999999,37.5,37.5,0.04118696109817353,2575.2626876550403,87.26622591418419,238.239744,183.75374658548512,verified,0.9700252,False,False,0,False,15710.0,6732.7,True,1000.0,6113.4,1000,956.25,5.0,192,1021963,33900.380000000005,12597.925107575316,"California, US",595.91.07,9259005.803474188
2026-09-15,2026-09-15T19:01:06.331172+00:00,2026-09-15-1400,51062465,150415,401572,,B200,b200-sxm-180gb,B200,SXM,4,0.5,29.51041666666667,23.5,7.377604166666668,False,0.9374999999999999,37.5,37.5,0.04118696109817353,2659.7364435041654,90.12873228958695,238.239744,159.1943710991977,verified,0.9608755,False,False,0,False,9910.9,3771.2,True,1000.0,6126.9,1000,956.25,5.0,192,1021963,37376.0,11739.05,"California, US",595.91.07,9259005.803474188
2026-09-15,2026-09-15T19:01:06.331172+00:00,2026-09-15-1400,51062206,71029,401572,,B200,b200-sxm-180gb,B200,SXM,4,0.5,29.51041666666667,29.5,7.377604166666668,False,0.9374999999999999,37.5,37.5,0.04118696109817353,2638.0879338735876,89.39514354107462,238.239744,156.41929434175339,verified,0.9803603,False,False,0,False,10270.0,682.8,False,1000.0,6161.7,1000,956.25,5.0,192,1021953,47001.6,10816.05,", US",595.91.07,9256117.803474188
2026-09-15,2026-09-15T19:01:06.331172+00:00,2026-09-15-1400,46064177,113249,317686,,B200,b200-sxm-180gb,B200,SXM,8,1.0,62.00208333333333,59.0,7.750260416666666,False,0.18749999999999997,2.5,3.75,0.04328121335740269,3451.634086080723,55.66964689757559,476.479488,86.4086511454804,deverified,0.9820912,True,False,1,False,878.7,789.3,True,1000.0,6146.4,1000,900.0,5.0,128,3096083,7098.0,2408.0,", US",580.126.20,986049.8034741879
2026-09-15,2026-09-15T19:01:06.331172+00:00,2026-09-15-1400,46064176,113249,317686,,B200,b200-sxm-180gb,B200,SXM,4,0.5,31.002083333333335,29.5,7.750520833333334,False,0.18749999999999997,2.5,3.75,0.04328121335740269,1881.5106039143645,60.689811832463874,238.239744,96.69420226317177,deverified,0.9820912,True,False,1,False,878.7,789.3,True,1000.0,6146.2,1000,900.0,5.0,128,1548041,7098.0,1204.0,", US",580.126.20,986049.8034741879
2026-09-15,2026-09-15T19:01:06.331172+00:00,2026-09-15-1400,46064169,113249,317686,,B200,b200-sxm-180gb,B200,SXM,2,0.25,15.502083333333333,14.75,7.751041666666667,False,0.18749999999999997,2.5,3.75,0.04328121335740269,1023.4832180390827,66.02230139211929,119.119872,98.60132452218373,deverified,0.9820912,True,False,1,False,878.7,789.3,True,1000.0,6146.2,1000,900.0,5.0,128,774020,7098.0,602.0,", US",580.126.20,986049.8034741879
2026-09-15,2026-09-15T19:01:06.331172+00:00,2026-09-15-1400,46064175,113249,317686,,B200,b200-sxm-180gb,B200,SXM,1,0.125,7.752083333333333,7.375,7.752083333333333,False,0.18749999999999997,2.5,3.75,0.04328121335740269,556.0537176732471,71.72958465013669,59.559936,111.88288959328679,deverified,0.9820912,True,False,1,False,878.7,789.3,True,1000.0,6146.6,1000,900.0,5.0,128,387010,7098.0,301.0,", US",580.126.20,986049.8034741879
2026-09-15,2026-09-15T19:01:06.331172+00:00,2026-09-15-1400,51062347,142255,401572,,B200,b200-sxm-180gb,B200,SXM,4,0.5,35.00208333333333,35.0,8.750520833333333,False,0.18749999999999997,37.5,37.5,0.04886588604868046,2663.2959612669842,76.08964117660571,238.239744,175.2037073776103,verified,0.9864667,False,False,0,False,15213.2,3798.0,False,1000.0,6044.6,1000,956.25,5.0,192,1021955,40550.0,488.33349354790425,"Ohio, US",595.91.07,9256117.803474188
2026-09-15,2026-09-15T19:01:06.331172+00:00,2026-09-15-1400,51062336,142255,401572,,B200,b200-sxm-180gb,B200,SXM,2,0.25,17.502083333333335,16.25,8.751041666666667,False,0.18749999999999997,37.5,37.5,0.04886588604868046,1368.6931368871703,78.2017266641878,119.119872,164.87751254064244,verified,0.9864667,False,False,0,False,15213.2,3798.0,False,1000.0,6146.1,1000,956.25,5.0,192,510977,40550.0,244.16674677395213,"Ohio, US",595.91.07,9256117.803474188
2026-09-15,2026-09-15T19:01:06.331172+00:00,2026-09-15-1400,51062344,142255,401572,,B200,b200-sxm-180gb,B200,SXM,1,0.125,8.752083333333333,8.75,8.752083333333333,False,0.18749999999999997,37.5,37.5,0.04886588604868046,699.171727629381,79.8863197481797,59.559936,175.54064497981938,verified,0.9864667,False,False,0,False,15213.2,3798.0,False,1000.0,6044.6,1000,956.25,5.0,192,255488,40550.0,122.08337338697606,"Ohio, US",595.91.07,9256117.803474188
2026-09-15,2026-09-15T19:01:06.331172+00:00,2026-09-15-1400,51061901,137776,447869,,B200,b200-sxm-180gb,B200,SXM,2,0.25,17.510416666666668,17.5,8.755208333333334,False,0.9374999999999999,37.5,37.5,0.04886588604868046,1351.2565372617146,77.16872550691528,119.119872,169.2668556632466,verified,0.9910437,False,False,1,False,9342.5,1722.3,False,1000.0,6063.5,1000,900.0,5.0,192,510976,39188.34200000001,4492.11217035309,", US",595.91.07,9257848.803474188
2026-09-15,2026-09-15T19:01:06.331172+00:00,2026-09-15-1400,51061900,137776,447869,,B200,b200-sxm-180gb,B200,SXM,1,0.125,8.760416666666666,7.5,8.760416666666666,False,0.9374999999999999,37.5,37.5,0.04886588604868046,692.094824286601,79.00250075090808,59.559936,170.75553452587698,verified,0.9910437,False,False,1,False,9342.5,1722.3,False,1000.0,6050.4,1000,900.0,5.0,192,255488,39188.34200000001,2246.056085176545,", US",595.91.07,9257848.803474188
2026-09-15,2026-09-15T19:01:06.331172+00:00,2026-09-15-1400,51093210,56359,411709,,B200,b200-sxm-180gb,B200,SXM,8,1.0,79.81041666666667,84.4,9.976302083333334,False,0.9374999999999999,50.0,50.0,0.05570711009549572,4562.488335003476,57.16657706548509,476.479488,133.9225292271745,verified,0.9987909,False,False,0,False,5547.5,2449.3,False,1000.0,6127.4,1000,956.25,5.0,384,2321859,5567.0,1342.14368683489,"Maryland, US",595.84,88100625.80347419
2026-09-15,2026-09-15T19:01:06.331172+00:00,2026-09-15-1400,51093209,56359,411709,,B200,b200-sxm-180gb,B200,SXM,4,0.5,39.91041666666666,42.2,9.977604166666666,False,0.9374999999999999,50.0,50.0,0.05570711009549572,2446.6143997284416,61.30265239179684,238.239744,142.72503423272553,verified,0.9987909,False,False,0,False,5547.5,2449.3,False,1000.0,6034.9,1000,956.25,5.0,384,1160929,5567.0,671.071843417445,"Maryland, US",595.84,88100625.80347419
2026-09-15,2026-09-15T19:01:06.331172+00:00,2026-09-15-1400,51093199,56359,411709,,B200,b200-sxm-180gb,B200,SXM,2,0.25,19.960416666666667,21.1,9.980208333333334,False,0.9374999999999999,50.0,50.0,0.05570711009549572,1277.278443536654,63.99057018031458,119.119872,146.97836804053887,verified,0.9987909,False,False,0,False,5547.5,2449.3,False,1000.0,6034.9,1000,956.25,5.0,384,580464,5567.0,335.5359217087225,"Maryland, US",595.84,88100625.80347419
2026-09-15,2026-09-15T19:01:06.331172+00:00,2026-09-15-1400,51093200,56359,411709,,B200,b200-sxm-180gb,B200,SXM,1,0.125,9.985416666666666,8.462499999999999,9.985416666666666,False,0.9374999999999999,50.0,50.0,0.05570711009549572,662.0880921184827,66.30550473959352,59.559936,150.778514147818,verified,0.9987909,True,False,0,False,5547.5,2449.3,False,1000.0,6174.0,1000,956.25,5.0,384,290232,5567.0,167.76796085436126,"Maryland, US",595.84,88100625.80347419
